{
    "name": "Head over to Vivian.",
    "CardType": "Inn",
    "Addition": "Yes",
    "Speakers": [
                  {
                    "name": "Vivian",
                    "postName": "",
                    "SpeakerType": "Monster"
                  }
                ],
    "EventText": [
                    {
                        "NameOfScene": "VisitMenu",
                        "theScene": [
                                      "MenuAddition",
                                        "OverrideOption", "InverseRequirement", "RequiresPerk", "Belmont Curse", "Learn Skills.",
                                        "OverrideOption", "FinalOption", "Time to go.",
                                      "EndLoop"
                                  ]
                    }
            ]
}
