{
    "name": "Dungeon Rest Ambush",
    "CardType": "Event",
    "CardLimit": "2",
    "Description": "Dungeon creatures stay up late to ambush adventurers when they are planning to rest!",
    "requires": [ ""],
    "Speakers": [
                  {
                    "name": "Imp",
                    "postName": "1",
                    "SpeakerType": "Monster"
                  },
                  {
                    "name": "Imp",
                    "postName": "2",
                    "SpeakerType": "Monster"
                  },
                  {
                    "name": "Imp",
                    "postName": "3",
                    "SpeakerType": "Monster"
                  },
                  {
                    "name": "Imp",
                    "postName": "4",
                    "SpeakerType": "Monster"
                  },
                  {
                    "name": "Imp",
                    "postName": "5",
                    "SpeakerType": "Monster"
                  },
                  {
                    "name": "Matango",
                    "postName": "",
                    "SpeakerType": "Monster"
                  }
                ],
    "EventText": [
                    {
                        "NameOfScene": "EventStart",
                        "theScene": [  "AllowInventory",
                                      "You find a place to rest!\nDon't forget to use your inventory while you can!",
                                      "Menu",
                                        "Continue onwards!",
                                        "Rest. (Advances Time 1)",
                                        "Return to town.",
                                      "EndLoop"
                                  ]
                    },
                    {
                        "NameOfScene": "Continue onwards!",
                        "theScene": [  "You press forward."

                                  ]
                    },
                    {
                        "NameOfScene": "Return to town.",
                        "theScene": [ "You return to town.",
                                      "GoToTown"]
                    },
                    {
                        "NameOfScene": "Rest. (Advances Time 1)",
                        "theScene": [ "AdvanceTime", "1",
                                      "ChangeArousalByPercent", "-30",
                                      "ChangeEnergyByPercent", "30",
                                      "You take a moment to rest and find yourself dozing off...",
                                      "IfHasItem", "Labyrinth Checkpoint Gem", "AmbushDiff4",
                                      "IfHasItem", "Sigil Of Will-Power", "AmbushDiff3",
                                      "IfHasItem", "Temple Checkpoint Gem", "AmbushDiff2",
                                      "JumpToScene", "AmbushDiff1"
                                    ]
                    },
                    {
                      "NameOfScene": "AmbushDiff1",
                      "theScene": [
                                      "JumpToRandomScene",
                                        "TwoImpAmbush",
                                        "MatangoRestAmbush",
                                      "EndLoop"
                                    ]
                    },
                    {
                      "NameOfScene": "AmbushDiff2",
                      "theScene": [
                                      "JumpToRandomScene",
                                        "ThreeImpAmbush",
                                        "TwoImpAmbush",
                                        "MatangoRestAmbush",
                                      "EndLoop"
                                    ]
                    },
                    {
                      "NameOfScene": "AmbushDiff3",
                      "theScene": [
                                      "JumpToRandomScene",
                                        "FourImpAmbush",
                                        "ThreeImpAmbush",
                                        "MatangoRestAmbush",
                                      "EndLoop"
                                    ]
                    },
                    {
                      "NameOfScene": "AmbushDiff4",
                      "theScene": [
                                      "JumpToRandomScene",
                                        "FiveImpAmbush",
                                        "ThreeImpAmbush",
                                        "MatangoRestAmbush",
                                      "EndLoop"
                                    ]
                    },
                    {     "NameOfScene": "TwoImpAmbush",
                          "theScene": [
                                      "ChangeBGM", "music/Loss/Falling Down.mp3",
                                      "...",
                                      "In a dream, you are suffocating...",
                                      "Something wet presses down on your face, smothering you. Strange liquid pours into your mouth.",
                                      "ApplyStatusEffect", "Impish Face Grind",
                                      "Involuntarily, you swallow the fluid and gasp for air. Your heart begins to pound and you feel aphrodisia spreading throughout your body.",
                                      "You open your eyes, your moans muffled by an imp's pussy.",
                                      "DisplayCharacters",
                                        "1",
                                        "2",
                                      "EndLoop",
                                      "ChangeImageLayer", "Expression", "1", "Smug",
                                      "Devilish voices cackle at your obvious distress.",
                                      "ChangeArousalQuietly", "20",
                                      "A second imp leaps onto your pelvis, gleefully impaling herself on your rigid shaft.",
                                      "Speaks2",
                                      "I'm gonna hump you 'till the white stuff comes out!",
                                      "CombatEncounter",
                                          "Imp", "ApplyStance", "Face Sit", "SetAttack", "Imp Pussy Altar",
                                          "Imp", "ApplyStance", "Sex", "SetAttack", "Impish Insert",
                                      "StartCombat",
                                      "With the imps defeated, you continue on your way, deciding this spot clearly wasn't as safe as you first thought."
                                  ]
                    },
                    {     "NameOfScene": "ThreeImpAmbush",
                          "theScene": [
                                      "ChangeBGM", "music/Loss/Falling Down.mp3",
                                      "...",
                                      "In a dream, you are suffocating...",
                                      "Something wet presses down on your face, smothering you. Strange liquid pours into your mouth.",
                                      "ApplyStatusEffect", "Impish Face Grind",
                                      "Involuntarily, you swallow the fluid and gasp for air. Your heart begins to pound and you feel aphrodisia spreading throughout your body.",
                                      "You open your eyes, your moans muffled by an imp's pussy.",
                                      "DisplayCharacters",
                                        "1",
                                        "2",
                                        "3",
                                      "EndLoop",
                                      "ChangeImageLayer", "Expression", "1", "Smug", "ChangeImageLayer", "Expression", "3", "Teasing",
                                      "Devilish voices cackle at your obvious distress.",
                                      "ChangeArousalQuietly", "20",
                                      "A second imp leaps onto your pelvis, gleefully impaling herself on your rigid shaft.",
                                      "Speaks2",
                                      "I'm gonna hump you 'till the white stuff comes out!",
                                      "A third imp stands nearby, gazing lewdly upon the depredations of her sisters.",
                                      "CombatEncounter",
                                          "Imp", "ApplyStance", "Sex", "SetAttack", "Impish Insert",
                                          "Imp", "ApplyStance", "Face Sit", "SetAttack", "Imp Pussy Altar",
                                          "Imp",
                                      "StartCombat",
                                      "With the imps defeated, you continue on your way, deciding this spot clearly wasn't as safe as you first thought."
                                  ]
                    },
                    {     "NameOfScene": "FourImpAmbush",
                          "theScene": [
                                      "ChangeBGM", "music/Loss/Falling Down.mp3",
                                      "...",
                                      "In a dream, your cock is being assaulted by a horde of monsters...",
                                      "Dozens of tongues and fingers lick, suck, prod, and tease your tip, shaft, scrotum, balls, and perineum.",
                                      "ChangeArousalQuietly", "40",
                                      "You moan softly as your eyes open. You see several imps ravishing your cock hungrily with their mouths and hands.",
                                      "DisplayCharacters",
                                        "1",
                                        "2",
                                        "3",
                                        "4",
                                      "EndLoop",
                                      "ChangeImageLayer", "Expression", "1", "OralOffer",
                                      "ChangeImageLayer", "Expression", "2", "Smug",
                                      "ChangeImageLayer", "Expression", "3", "Teasing",
                                      "ChangeImageLayer", "Expression", "4", "Cooing",
                                      "Devilish voices cackle at your obvious distress.",
                                      "CombatEncounter",
                                          "Imp", "ApplyStance", "Blowjob", "SetAttack", "Impish Blowjob",
                                          "Imp", "ApplyStance", "Blowjob", "SetAttack", "Impish Blowjob",
                                          "Imp", "ApplyStance", "Blowjob", "SetAttack", "Impish Blowjob",
                                          "Imp", "ApplyStance", "Blowjob", "SetAttack", "Impish Blowjob",
                                      "StartCombat",
                                      "With the imps defeated, you continue on your way, deciding this spot clearly wasn't as safe as you first thought."
                                  ]
                    },
                    {     "NameOfScene": "FiveImpAmbush",
                          "theScene": [
                                      "ChangeBGM", "music/Loss/Falling Down.mp3",
                                      "...",
                                      "In a dream, your cock is being assaulted by a horde of monsters...",
                                      "Dozens of tongues and fingers lick, suck, prod, and tease your tip, shaft, scrotum, balls, and perineum.",
                                      "ChangeArousalQuietly", "50",
                                      "You moan softly as your eyes open. You see several imps ravishing your cock hungrily with their mouths and hands.",
                                      "DisplayCharacters",
                                        "1",
                                        "2",
                                        "3",
                                        "4",
                                        "5",
                                      "EndLoop",
                                      "ChangeImageLayer", "Expression", "1", "OralOffer",
                                      "ChangeImageLayer", "Expression", "2", "Smug",
                                      "ChangeImageLayer", "Expression", "3", "Teasing",
                                      "ChangeImageLayer", "Expression", "4", "Cooing",
                                      "Devilish voices cackle at your obvious distress.",
                                      "CombatEncounter",
                                          "Imp", "ApplyStance", "Blowjob", "SetAttack", "Impish Blowjob",
                                          "Imp", "ApplyStance", "Blowjob", "SetAttack", "Impish Blowjob",
                                          "Imp", "ApplyStance", "Blowjob", "SetAttack", "Impish Blowjob",
                                          "Imp", "ApplyStance", "Blowjob", "SetAttack", "Impish Blowjob",
                                          "Imp", "ApplyStance", "Blowjob", "SetAttack", "Impish Blowjob",
                                      "StartCombat",
                                      "With the imps defeated, you continue on your way, deciding this spot clearly wasn't as safe as you first thought."
                                  ]
                    },
                        {
                            "NameOfScene": "MatangoRestAmbush",
                            "theScene": [
                              "ChangeBGM-OverrideCombatMusic", "music/Relaxing/Purple Planet Music - Gentle - Meltwater (1_38) (L).mp3",
                              "...",
                              "ChangeArousalQuietly", "10",
                              "You are startled awake by somebody falling over your prone body. You awake to see a matango sitting on your chest, her ample rear rubbing against you.",
                              "DisplayCharacters",
                                "6",
                              "EndLoop",
                              "ChangeImageLayer", "Expression", "1", "Panic",
                              "Speaks6",
                              "Oh no! I-I'm so s-sorry about this I'm so clumsy sometimes oh gosh I have no idea how I even got here or why there's a man on the floor oh shoot! Sorry for bothering you please just go back to sleep and don't hate me!",
                              "ApplyStatusEffect", "Slumber Spores",
                              "ChangeEnergyQuietly", "-10",
                              "As soon as she says the word 'sleep', a cloud of white spores burst forth from her mushroom cap. You suddenly feel very drowsy. Your eyelids grow heavy, and you begin to drift off again. The matango yawns.",

                              "ChangeImageLayer", "Expression", "1", "Shy",
                              "Speaks6",
                              "Actually, I... hope you don't mind if I... just take a little break... for a moment...",
                              "She closes her eyes and lays on top of you, wrapping her arms around you and nuzzling your head on your shoulder, her face against your neck. Groggily, you wonder if it's safe to sleep with a matango.",
                              "ChangeEnergyQuietly", "-10",
                              "As your eyes close, you are dimly aware that she is sniffing your neck. Slowly and gently, she starts peppering your neck with sleepy little kisses, a pleasant sensation that lulls you further into slumber.",
                              "ChangeArousalQuietly", "20",
                              "Gradually, her motions become less sleepy, her kisses becoming hungrier, covering your neck, chest, and face. She presses her breasts against you. Her hand wanders down to your groin and begins rubbing at your crotch. Her tongue begins to probe your mouth.",

                              "Reluctantly, you realize the answer is 'no', this is not safe at all. You try to shake off the effects of the sleep spores and sit up.",
                              "ChangeImageLayer", "Expression", "1", "Submissive",
                              "Speaks6",
                              "Oh please, sir, don't get up... let me help you rest... I can make you feel sooo good, {i}please{/i} just...|n|Oh please, sir, don't get up... let me help you rest... I can make you feel sooo good, {i}please{/i} just... surrender.",
                              "CombatEncounter",
                                "Matango", "ApplyStance", "Making Out", "SetAttack", "Make Out",
                              "StartCombat",
                              "Having defeated the sleepy matango, you carry on your way, deciding this spot clearly wasn't as safe as you first thought."
                              ]
                        }
                ]
}
