{
    "name": "Dart",
    "cost": "10",
    "costType": "ep",
    "requiredLevel": "0",
    "learningCost": "1000",
    "skillType": "statusEffect",
    "statType": "Technique",
    "statusEffectScaling": "25",
    "requiredStat": "20",
    "skillTags": [ "Afflictions"],
    "fetishTags": [ ""],
    "startsStance": "",
    "requiresStance": "Any",
    "unusableIfStance": [ "Any"],
    "requiresTargetStance": [ "Any"],
    "unusableIfTarget": [ ""],
    "removesStance": "None",
    "requiresStatusEffect": "None",
    "requiresStatusPotency": "0",
    "unusableIfStatusEffect": [ "None"],
    "power": "0",
    "minRange": "60",
    "maxRange": "115",
    "recoil": "0",
    "targetType": "single",
    "statusEffect": "Aphrodisiac",
    "statusChance": "75",
    "statusDuration": "11",
    "statusPotency": "10",
    "statusResistedBy": "Power",
    "statusText": "aphrodisiac",
    "descrip": "A small dart coated with a toxin which, you are told, is *effective* against the monsters of Lucidia. Can not be in a stance.",
    "outcome": "",
    "miss": "",
    "statusOutcome": "[AttackerName] throws a small dart at [TargetName], and [TargetHeOrShe] soon becomes flush with lust!",
    "statusMiss": "[AttackerName] throws a small dart at [TargetName], but [TargetHeOrShe] seems completely unaffected!",
    "restraintStruggle": "",
    "restraintStruggleCharmed": "",
    "restraintEscaped": "",
    "restraintEscapedFail": ""
}
