{
    "name": "Holy Aura",
    "cost": "10",
    "costType": "ep",
    "requiredLevel": "0",
    "learningCost": "2500",
    "skillType": "statusEffect",
    "statType": "Allure",
    "statusEffectScaling": "25",
    "requiredStat": "40",
    "skillTags": [ "Afflictions"],
    "fetishTags": [ ""],
    "startsStance": "",
    "requiresStance": "Any",
    "unusableIfStance": [ ""],
    "requiresTargetStance": [ "Any"],
    "unusableIfTarget": [ ""],
    "removesStance": "None",
    "requiresStatusEffect": "None",
    "requiresStatusPotency": "0",
    "unusableIfStatusEffect": [ "None"],
    "power": "5",
    "minRange": "60",
    "maxRange": "115",
    "recoil": "0",
    "targetType": "single",
    "statusEffect": "Aphrodisiac",
    "statusChance": "50",
    "statusDuration": "11",
    "statusPotency": "10",
    "statusResistedBy": "Power",
    "statusText": "aphrodisiac",
    "descrip": "Your aura is strong enough to fill your enemies with awe, or something like it.",
    "outcome": "",
    "miss": "",
    "statusOutcome": "[AttackerName] lets [AttackerHisOrHer] aura shine toward [TargetName], and [TargetHeOrShe] flushes deeply, afflicted with lust!",
    "statusMiss": "[AttackerName] lets [AttackerHisOrHer] aura shine toward [TargetName], but [TargetHeOrShe] like, just doesn't get it, man...",
    "restraintStruggle": "",
    "restraintStruggleCharmed": "",
    "restraintEscaped": "",
    "restraintEscapedFail": ""
}
