{
    "name": "Enter 'Amber's Adventuring Shop'",
    "CardType": "Shopping",
    "Addition": "Yes",
    "Speakers": [
                  {
                    "name": "Amber",
                    "postName": "",
                    "SpeakerType": "Monster"
                  }
                ],
    "EventText": [
                    {
                        "NameOfScene": "VisitMenu",
                        "theScene": [
                                      "MenuAddition",
                                        "OverrideOption", "InverseRequirement", "RequiresPerk", "Belmont Curse", "Learn Skills.",
                                        "OverrideOption", "FinalOption", "Leave Amber's store.",
                                      "EndLoop"
                                  ]
                    }
            ]
}
