{
  "name": "Commander's Pet",
  "CardType": "Event",
  "Addition": "Yes",
  "Speakers": [
                {
                  "name": "Mika",
                  "postName": "",
                  "SpeakerType": "Monster"
                }
              ],
  "EventText": [
                        {
                            "NameOfScene": "MeetingMenu",
                            "theScene": [
                                          "MenuAddition",
                                            "HideOptionOnRequirementFail", "RequiresPerk", "Belmont Curse", "Die, butt-monster!",
                                            "OverrideOption", "FinalOption", "Just keep walking.",
                                          "EndLoop"
                                      ]
                        },
                        {
                            "NameOfScene": "Die, butt-monster!",
                            "theScene": [  "ChangeImageLayer", "Expression", "1", "Frown",
                                          "As you ready your whip, metal bars suddenly cover the doors, and Mika frees herself from the stockade with an irritated sigh.",
                                          "ChangeImageLayer", "Expression", "1", "Shock",
                                          "Speaks",
                                          "You'd whip a trapped, helpless girl, you sicko? I guess I'll just have to {i}fuck{/i} some sense into you!",
                                          "JumpToScene",
                                          "Fight"
                                      ]
                        }
               ]
}
