{
    "name": "Matango Ambush",
    "CardType": "Event",
    "Addition": "Yes",
    "Speakers": [
                  {
                    "name": "Matango",
                    "postName": "",
                    "SpeakerType": "Monster"
                  }
                ],
    "EventText": [
                  {
                    "NameOfScene": "PassedCheck",
                    "theScene": [
                                "MenuAddition",
                                  "HideOptionOnRequirementFail", "RequiresPerk", "Belmont Curse", "'Die, monster!'",
                                "EndLoop"
                                ]
                  },
                          {
                              "NameOfScene": "'Die, monster!'",
                              "theScene": [   "ChangeImageLayer", "Expression", "1", "Drunk",
                                            "As you uncoil your whip and prepare to attack, a burst of her spores suddenly cloud her face, and in her drunken lust she charges!",
                                            "CombatEncounter",
                                              "Matango",
                                            "StartCombat"
                                        ]
                          }
                ]
}
