{
    "name": "Slime Ambush",
    "CardType": "Event",
    "CardLimit": "2",
    "Description": "A slime hides in the dungeon to catch her prey unawares.",
    "requires": [ ""],
    "Speakers": [
                  {
                    "name": "Blue Slime",
                    "postName": "",
                    "SpeakerType": ""
                  }
                ],
    "EventText": [
                    {
                        "NameOfScene": "EventStart",
                        "theScene": [ "While exploring a dark and narrow passageway, something seems odd up ahead...",
                                      "The corridor ahead of you seems somewhat darker and maybe... bluish?",
                                      "Menu",
                                        "Carefully study the passageway. (Int)",
                                        "Charge ahead! (Power)",
                                        "It's probably fine.",
                                      "EndLoop"
                                  ]
                    },
                            {
                                "NameOfScene": "Carefully study the passageway. (Int)",
                                "theScene": [    "StatCheck",
                                                  "Intelligence",
                                                  "15",
                                                  "PassageIntPass",
                                                  "Fail",
                                                  "PassageFail"
                                          ]
                            },
                            {
                                "NameOfScene": "Charge ahead! (Power)",
                                "theScene": [    "StatCheck",
                                                  "Power",
                                                  "15",
                                                  "PassagePowPass",
                                                  "Fail",
                                                  "PassageFail"
                                          ]
                            },
                            {
                                "NameOfScene": "It's probably fine.",
                                "theScene": [   "JumpToScene", "PassageFail"
                                          ]
                            },

                    {
                        "NameOfScene": "PassageFail",
                        "theScene": [  "There is some sort of gooey blue substance or barrier taking up the entire passageway from wall to wall. Being all but transparent, it is very hard to spot in the gloomy tunnel...",
                                      "And you just walked right into it!",
                                      "JumpToScene", "Walk into the goo!"
                                    ]
                    },
                    {
                        "NameOfScene": "Walk into the goo!",
                        "theScene": [
                                      "The gelatinous stuff immediately envelops you, giggling girlishly! No longer stretched across the passageway, the blue blob is much easier to see.",
                                      "The goo grows a head, then arms, then tits!",
                                      "DisplayCharacters",
                                        "1",
                                        "EndLoop",
                                      "ChangeImageLayer", "Expression", "1", "Smug",
                                      "Speaks",
                                      "I got you! Now I'm going to drain your balls!",
                                      "CombatEncounter",
                                        "Blue Slime",
                                        "ApplyStance", "Slimed 100%", "SetAttack", "Slime Engulf",
                                      "StartCombat",
                                      "You somehow managed to defeat the slime despite letting her get the drop on you.",
                                      "Moving forward, you feel a sense of pride."
                                  ]
                    },
                    {
                        "NameOfScene": "PassageIntPass",
                        "theScene": [  "There is some sort of gooey blue substance or barrier taking up the entire passageway from wall to wall. Being all but transparent, it is very hard to spot in the gloomy tunnel...",
                                        "And you {i}almost{/i} walked right into it!",
                                        "It could be some sort of slime or jelly, stretched out and thin enough to be almost invisible. You can just make out a small red ball floating in it.",
                                      "Menu",
                                        "Walk away.",
                                        "Talk to the goo.",
                                        "Stick your arm in the goo.",
                                        "Strike the goo's core with a weapon.",
                                        "Walk into the goo!",
                                      "EndLoop"
                                  ]
                    },
                    {
                      "NameOfScene": "Walk away.",
                      "theScene": [  "You leave to find another way through. You hear a sad sigh behind you as you depart."
                      ]
                    },
                          {
                              "NameOfScene": "Talk to the goo.",
                              "theScene": [  "PlayerSpeaks",
                                            "Hello? Are you... alive?",
                                            "The only response is an excited giggle.",
                                            "Menu",
                                              "Walk away.",
                                              "Stick your arm in the goo.",
                                              "Strike the goo with a weapon.",
                                              "Walk into the goo!",
                                            "EndLoop"
                                        ]
                          },
                          {
                              "NameOfScene": "Stick your arm in the goo.",
                              "theScene": [  "You carefully press your arm into the stuff. It yields, and your arm enters a slimy, gooey substance.",
                                            "Suddenly, the goo squeezes your arm and surges toward you.",
                                            "The gelatinous stuff partially engulfs you, giggling girlishly!",
                                            "No longer stretched across the passageway, the blue blob is much easier to see.",
                                            "The goo grows a head, then arms, then tits!",
                                            "DisplayCharacters",
                                              "1",
                                              "EndLoop",
                                            "ChangeImageLayer", "Expression", "1", "Smug",
                                            "Speaks",
                                            "Come here, cutie!",
                                            "CombatEncounter",
                                              "Blue Slime",
                                              "ApplyStance", "Slimed 50%", "SetAttack", "Slime Cling",
                                            "StartCombat",
                                            "You somehow managed to defeat the slime despite letting her get the drop on you.",
                                            "Moving forward, you feel a sense of pride."
                                        ]
                          },
                                    {
                                        "NameOfScene": "Strike the goo's core with a weapon.",
                                        "theScene": [  "You draw your weapon and smite the strange barrier.",
                                                      "You hear a laugh as the substance, a stretched out blue slime, comes off of the walls and falls into a blob on the floor!",
                                                      "Speaks",
                                                      "Tee-hee! That tickles!",
                                                      "A cheerful blue girl grows out of the blob.",
                                                      "DisplayCharacters",
                                                        "1",
                                                        "EndLoop",
                                                      "ChangeImageLayer", "Expression", "1", "ItsFine",
                                                      "Speaks",
                                                      "Now it's my turn!",
                                                      "CombatEncounter",
                                                        "Blue Slime",
                                                      "StartCombat"
                                                  ]
                                    },
                {
                    "NameOfScene": "PassagePowPass",
                    "theScene": [  "There is some sort of gooey blue substance or barrier taking up the entire passageway from wall to wall. Being all but transparent, it is very hard to spot in the gloomy tunnel...",
                                    "And you just charged right through it!",
                                    "With a gooey 'SPLAT' you punch through a wall of jelly-like stuff. Now it is all over the walls, the floor, and yourself.",
                                    "The goo begins to {i}move{/i}, converging into a big blue blob on the floor of the passage. That is, except for the clumps of goo covering your body, which form long 'fingers' which writhe all over you.",
                                    "Some of the goo on your clothes coalesces on your groin and merges together to form a feminine hand, which seizes your cock.",
                                    "A blue girl grows out of the blob on the floor.",
                                    "DisplayCharacters",
                                      "1",
                                      "EndLoop",
                                    "ChangeImageLayer", "Expression", "1", "Angry",
                                    "Speaks",
                                    "You ruined my prank! I think you owe me dinner!",
                                    "CombatEncounter",
                                      "Blue Slime",
                                      "ApplyStance", "Slimed", "SetAttack", "Gooey Grapple",
                                    "StartCombat"
                              ]
                }
            ]
}
