{
    "name": "TheSigilOfAllure",
    "CardType": "Event",
    "Addition": "Yes",
    "Speakers": [
                  {
                    "name": "Sofia",
                    "postName": "",
                    "SpeakerType": "Monster"
                  },
                  {
                    "name": "???",
                    "postName": "",
                    "SpeakerType": "?"
                  }

                ],
    "EventText": [
                    {
                        "NameOfScene": "Take one.",
                        "theScene": [ 
                                      "MenuAddition",
                                        "HideOptionOnRequirementFail", "RequiresPerk", "Belmont Curse", "Ambush her, Belmont-style!",
                                      "EndLoop"
                                  ]
                    },
                          {
                              "NameOfScene": "Ambush her, Belmont-style!",
                              "theScene": [ "AdventureComplete", "Forest Dungeon",
                                          "JumpToEventThenScene", "Visiting Sofia", "Ambush her, Belmont-style!"
                                        ]
                          }
                ]
}
