{
  "name": "Visiting Sofia",
  "CardType": "Event",
  "Addition": "Yes",
  "Speakers": [
                {
                  "name": "Sofia",
                  "postName": "",
                  "SpeakerType": "Monster"
                },
                {
                  "name": "Ancilla",
                  "postName": "",
                  "SpeakerType": "Monster"
                },
                {
                  "name": "AwokenSofia",
                  "postName": "",
                  "SpeakerType": "Monster"
                },
                {
                  "name": "Sofia",
                  "postName": "",
                  "SpeakerType": "Monster"
                },
                {
                  "name": "???",
                  "postName": "",
                  "SpeakerType": "?"
                },
                {
                  "name": "Imp",
                  "postName": " 1",
                  "SpeakerType": "Monster"
                },
                {
                  "name": "Imp",
                  "postName": " 2",
                  "SpeakerType": "Monster"
                },
                {
                  "name": "Mika",
                  "postName": "",
                  "SpeakerType": "Monster"
                },
                {
                  "name": "Sofia",
                  "postName": " and Mika",
                  "SpeakerType": "Monster"
                }


              ],
  "EventText": [
              {
                "NameOfScene": "Let her fall back asleep.",
                "theScene": [   "MenuAddition",
                                "HideOptionOnRequirementFail", "RequiresPerk", "Belmont Curse", "Ambush her, Belmont-style!",
                                "OverrideOption", "FinalOption", "Leave quietly.",
                              "EndLoop"
                          ]
              },
              {
                  "NameOfScene": "Ambush her, Belmont-style!",
                  "theScene": [
                                "You approach the sleeping demoness and uncoil your whip.",
                                "PlayerSpeaks",
                                "Die, monster! You don't belong in this world!",
                                "With the full force of your entire body, you lash the villainess's plush, shapely rear.",
                                "StopBGM",
                                "CRACK!",
                                "ChangeImageLayer", "Expression", "Annoyed",
                                "The creature stirs!",
                                "Speaks",
                                "What...|n|What... the...|n|What... the... FUCK!?",
                                "ChangeImageLayer", "Expression", "Dismissive",
                                "Speaks",
                                "I haven't been this angry in decades. Centuries, even!",
                                "Slowly she turns, and step by step, inch by inch, she takes her revenge!",
                                "ChangeBGM", "../Mods/ChallengeMod/music/Symphony of Battle.mp3",
                                "ChangeImageLayer", "Scene", "1", "CloseUpSmug",
                                "Speaks",
                                "Thank you, [ThePlayerName]! I am going to enjoy this so, {i}so{/i} much!",
                                "JumpToEventThenScene", "SofiaCombatEvents", "PleasureBallScene"
                            ]
              }
          ]
}
