{
    "name": "Visit the Campers",
    "CardType": "Quest",
    "Addition": "Yes",
    "Speakers": [
                  {
                    "name": "Jennifer",
                    "postName": "",
                    "SpeakerType": ""
                  },
                  {
                    "name": "Heather",
                    "postName": "",
                    "SpeakerType": ""
                  },
                  {
                    "name": "Catherine",
                    "postName": "",
                    "SpeakerType": ""
                  }
                ],
    "EventText": [
                    {
                        "NameOfScene": "EventStart",
                        "theScene": [ "MenuAddition",
                                        "HideOptionOnRequirementFail", "RequiresPerk", "Belmont Curse", "'Die, monsters!'",
                                        "OverrideOption", "FinalOption", "Leave",
                                      "EndLoop"
                                  ]
                    },
                    {
                        "NameOfScene": "OptionMenu",
                        "theScene": [ "MenuAddition",
                                        "HideOptionOnRequirementFail", "RequiresPerk", "Belmont Curse", "'Die, monsters!'",
                                        "OverrideOption", "FinalOption", "Leave",
                                      "EndLoop"
                                  ]
                    },
                    {
                        "NameOfScene": "'Die, monsters!'",
                        "theScene": [   "JumpToEventThenScene",
                                        "Deliver Food to Campers",
                                        "'Die, monsters!'"
                                  ]
                    },
                    {
                        "NameOfScene": "Jennifer Is Pissed!",
                        "theScene": [ "ChangeBGM", "../Mods/ChallengeMod/music/Symphony of Battle.mp3",
                                      "Jennifer's cheerful attitude fails her, as the predator within her surges to the surface.",
                                      "ChangeImageLayer", "Expression", "Jennifer", "LipLick",
                                      "The starving succubus suddenly pushes you down onto the bed and straddles your waist with a lewd lick of her lips, a hungry glint in her eyes.",
                                      "You struggle to push her away, but you find that she is far stronger than she appears.",
                                      "ChangeImageLayer", "Expression", "Jennifer", "Pouty",
                                      "Speaks",
                                      "Damn it, Heather, help me!",
                                      "Obligingly, the buxom blonde climbs onto the bed and sits on your face, easily pinning your arms and upper body.",
                                      "You shout and squirm in protest, your cries muffled by Heather's plush ass.",
                                      "ChangeImageLayer", "Expression", "Heather", "ClosedEyeSmileOpen",
                                      "Speaks2",
                                      "Oooo! How nice!♥",
                                      "Jennifer pulls your fully erect manhood free from your garments. Your heart pounds hard with fear and anticipation.",
                                      "ChangeImageLayer", "Expression", "Catherine", "Concern",
                                      "Speaks3",
                                      "Hey guys, maybe we should just let him go if he doesn't want to...",
                                      "The blue-haired succubus protests meekly, then sits in a nearby chair and buries her face in a book.",
                                      "ChangeImageLayer", "Expression", "Jennifer", "Smug",
                                      "Speaks",
                                      "Oh, he wants it, Cathy. His cock is {i}throbbing{/i}!",
                                      "PlayerSpeaks",
                                      "No!",
                                      "ChangeArousalByPercent", "30",
                                      "Jennifer slowly and teasingly grinds the drooling entrance of her succubus pussy against the head of your rigid shaft, and your cock throbs in excitement as her lower lips seem to try and suck your tip inside.",
                                      "ChangeArousalByPercent", "30",
                                      "Then with a single swift movement, she takes your full length to the hilt inside her tight entrance, leaving you gasping in pleasure from the intense sensation of her perfectly tight, nubbed pussy devilishly moving and twisting around your manhood, insertion alone taking you to the brink of climax as your hips twitch in involuntary delight.",
                                      "ChangeImageLayer", "Expression", "Jennifer", "Annoyed",
                                      "Speaks",
                                      "Nobody says 'no' to {i}me{/i}, [ThePlayerName]. Your punishment will be swift and severe.",
                                      "ChangeArousalByPercent", "30",
                                      "She hasn't even started to move her hips yet, and you're already having difficultly holding back the building tide of ecstasy in your loins, warm pulses of heat slowly overwhelming you with the desire to fill her with your cum with each automatic squeeze and caress of her hellish pussy.",
                                      "ChangeImageLayer", "Expression", "Jennifer", "Smug",
                                      "Speaks",
                                      "You can't resist me.",
                                      "ChangeArousalByPercent", "-50",
                                      "You gasp as the sudden insertion intermixed with the writhing insides of her unnaturally pleasurable orifice milks a single rope of cum from your twitching manhood, and Jennifer smiles down at you maliciously before glancing over at her two succubi friends.",
                                      "Speaks",
                                      "That load doesn't count! He still needs to learn his lesson.",
                                      "ChangeImageLayer", "Expression", "Heather", "ClosedEyeWorry",
                                      "Heather sighs and gently lifts her pussy off of your face, while Catherine keeps her face hidden behind her book, giving you a moment to catch your breath as Jennifer's incredible pussy keeps massaging your every inch.",
                                      "Speaks2",
                                      "Go on Jen, just take it easy on him, okay?",
                                      "ChangeImageLayer", "Expression", "Jennifer", "Lewd",
                                      "Speaks",
                                      "Alright, now lets get started.",
                                      "ChangeImageLayer", "Expression", "Jennifer", "Pouty",
                                      "ChangeArousalByPercent", "30",
                                      "Jennifer starts to slowly ride your shaft, bouncing her hips in a expertly timed, steady tempo, stroking your aching length with her demonic pussy, sending waves of electrifying pleasure racing through your whole body as her perfectly snug and squeezing slit sucks you in with every downward swing of her waist, threatening to make you spurt at any moment.",
                                      "You flail, gasping, under Heather's big round ass. She adjusts her position a bit so you can breathe, but keeps you firmly pinned to the bed.",
                                      "You desperately struggle to get her off of you, but the tall, top-heavy temptress keeps you held down with her ass and thighs.",
                                      "ChangeImageLayer", "Expression", "Heather", "ClosedEyeSmile",
                                      "Speaks2",
                                      "Tee-hee! ♥",
                                      "For all your efforts, you succeed only in arousing her even further.",
                                      "ChangeImageLayer", "Expression", "Jennifer", "Seductive",
                                      "Speaks",
                                      "This is {i}definitely{/i} happening, kiddo, so you may as well relax and enjoy it. Mmm, I'll make sure your hand is never good enough to get you off again.",
                                      "ChangeArousalByPercent", "30",
                                      "You can't help but shudder underneath Jennifer, as every blissful stroke of her demonic orifice seems to intensify the sensations running through you, multiplying the electric waves of pleasure cascading through you with each wet meeting of your hips, leaving you moaning from the overwhelming pleasure assailing your entire body as she gently bounces on your cock.",
                                      "ChangeImageLayer", "Expression", "Catherine", "Aroused",
                                      "Catherine has absently dropped her book onto the floor, and she lustfully gazes at Jennifer forcibly dominating your manhood.",
                                      "Her tail writhes obscenely between her firm thighs, the heart-shaped bulb at its tip concealed beneath the hem of her long sweater.",
                                      "ChangeImageLayer", "Expression", "Jennifer", "Smug",
                                      "Speaks",
                                      "Hehe, looks like you can't take much more of this. I bet you have a {i}thick{/i} load ready for me.",
                                      "ChangeArousalByPercent", "50",
                                      "She takes your cock to the base before her devilish pussy firmly clamps down on your rigid, twitching manhood and she slowly gyrates her hips, the textured walls of her pussy clinging and caressing your aching shaft as she moves, forcing gasps of bliss out of you as her squeezing orifice rubs and teases the head of your dick with bumpy nubs, leaving you tensing in tortured bliss.",
                                      "With intense effort and willpower you hold back a massive orgasm as Jennifer's unspeakable love muscles devour your cock.",
                                      "ChangeImageLayer", "Expression", "Jennifer", "LipLick",
                                      "Speaks",
                                      "Time to cum!",
                                      "PlayerOrgasm", "1",
                                      "ChangeImageLayer", "Expression", "Jennifer", "Lewd",
                                      "With her squeezing succubus pussy firmly locked around your throbbing cock it only takes a single gulping motion to leave you crying out in ecstasy, and your dick eagerly spurts load after load of cum into her ravenous hole as it greedily writhes around your spasming cock. Jennifer moans softly with a blissful expression as she takes in your seed, swaying her hips back and forth to milk you for every drop.",
                                      "PlayerOrgasm", "1",
                                      "PlayerSpeaks",
                                      "Fuck, fuck, FUUUCK!",
                                      "You're left shuddering from mind blanking overstimulation as she continues to gently shake her hips, milking spurt after spurt from your aching balls, and your hips thoughtlessly buck upwards into her firmly sealed prison of flesh in search of more pleasure as she drains you, and each load she milks out of you makes you feel even more exhausted and drained...",
                                      "ChangeImageLayer", "Expression", "Jennifer", "Smile",
                                      "StopBGM",
                                      "As your mind numbing orgasm finally starts to end, her devilish pussy gives your length a few more hungry squeezes, milking out a few stray spurts of cum before she pops off of your cock with a content sigh. She leaves you to twitch on the bed for a moment from the aftershocks of your intense orgasm.",
                                      "ChangeImageLayer", "Expression", "Jennifer", "SmileOpenMouth",
                                      "Speaks",
                                      "Ahhh-♪ That was refreshing.♪",
                                      "ChangeBGM", "music/Loss/reason.mp3",
                                      "Her cheery demeanor already appears to be returning.",
                                      "ChangeImageLayer", "Expression", "Jennifer", "Smile",
                                      "Speaks",
                                      "Honestly I'd {i}love{/i} to just keep riding you silly...♥ Milking load after load...♥",
                                      "ChangeImageLayer", "Expression", "Jennifer", "SmileDreamy",
                                      "Jennifer briefly trails off with a dreamy smile as you slowly start to regain coherence.",
                                      "Speaks",
                                      "Ah! But I {i}probably{/i} shouldn't hog you.♪ Hehe.♪",
                                      "Heather gives a slight nod at her friend's attempt at self control.",
                                      "ChangeSensitivity",
                                      "Sex",
                                      "5",
                                      "ChangeFetish",
                                      "Sex",
                                      "5",
                                      "IfProgressEqualsOrGreater",
                                      "1",
                                      "RecoveryJennifer",
                                      "JumpToEventThenScene",
                                      "Deliver Food to Campers",
                                      "FirstTimeToHeatherDieMonsters"
                      ]
                    },
                    {
                        "NameOfScene": "HeatherSmotherDieMonsters",
                        "theScene": [    "ChangeBGM", "music/Relaxing/Purple Planet Music - Gentle - Meltwater (1_38) (L).mp3",
                                        "ChangeImageLayer", "Expression", "Heather", "ClosedEyeSmileSmall",
                                        "Speaks2",
                                        "Hmmm... So [ThePlayerName], we don't have to have sex if you don't want to, alright?♥",
                                        "Her smile is so sweet that you {i}almost{/i} forget that this monster just held you down while her comrade ravaged you.",
                                        "PlayerSpeaks",
                                        "Really?",
                                        "Speaks2",
                                        "What if I just put my breasts in your face for a bit?",
                                        "ChangeArousalByPercent", "10",
                                        "She cuddles closer to you on the bed, pressing her huge boobs against you. Your cock instantly becomes hard again, but she pretends not to notice.",
                                        "Heather's blue eyes gaze into yours. Suddenly they seem to glow golden.",
                                        "ChangeImageLayer", "Expression", "Heather", "CaringGlow",
                                        "Speaks2",
                                        "That wouldn't be so bad, would it?",
                                        "You mind is suddenly blank as you try to think of a single reason you shouldn't let Heather smother you with her giant tits.",
                                        "You are forbidden from having {i}sex{/i} with monsters, but nobody ever said anything against touching their boobs.",
                                        "PlayerSpeaks",
                                        "Yes... boobies... nice...",
                                        "You speak drunkenly, as if in a trance.",
                                        "ChangeImageLayer", "Expression", "Heather", "Caring",
                                        "Heather lays back on the bed and spreads her arms invitingly.",
                                        "Speaks2",
                                        "Come here.♥",
                                        "As you move closer to Heather, a terrible warning grows like a storm at the edge of your awareness.",
                                        "PlayerSpeaks",
                                        "Wait!",
                                        "ChangeImageLayer", "Expression", "Heather", "WinkGlow",
                                        "Heather's eyes glow once more.",
                                        "Speaks2",
                                        "Is something wrong, [ThePlayerName]?",
                                        "Again, your mind freezes as you struggle to recall what caused you to hesitate.",
                                        "PlayerSpeaks",
                                        "Um... just... don't touch my manhood.",
                                        "ChangeImageLayer", "Expression", "Jennifer", "SmileOpenMouth",
                                        "Jennifer snorts laughter through her nose.",
                                        "Speaks",
                                        "That ship has sailed, wrecked, and sunk, my friend!",
                                        "ChangeImageLayer", "Expression", "Heather", "HungryGlow",
                                        "Heather laughs gently, bouncing her titanic tits without even using her hands.",
                                        "Speaks2",
                                        "I promise I won't touch you down there. Now come here, my breasts are waiting for you.♥",
                                        "ChangeBGM", "music/Relaxing/Purple Planet Music - Dreamy - A Touch Of Zen (4_25) 62bpm.mp3",
                                        "You move closer and embrace Heather, who promptly lifts her tits up while keeping her tight top on.",
                                        "ChangeImageLayer", "Expression", "Heather", "Caring",
                                        "Her legs urge you closer, and as you shove your face into her soft underboob, Heather lets her tits drop, allowing their soft flesh to wrap around your head.",
                                        "Your eyes barely emerge from the top of her huge, ample breasts, and you take a deep breath of the sweet, feminine scent of her tits.",
                                        "ChangeArousalByPercent", "10",
                                        "Heather squeezes her sizable chest together, squishing them against you, and starts to rub your head with their pillow softness.",
                                        "While undeniably pleasant, you really doubt that just this will make you cum.",
                                        "ChangeImageLayer", "Expression", "Heather", "AraAra", "ChangeImageLayer", "Aura", "Heather", "Aura",
                                        "A soft golden glow starts to emanate out from Heather, and as her tits rub you your mind starts to feel a bit weird and tingly.",
                                        "You let out a contented sigh as pleasure starts to wash over your entire head, and your body goes slack as you relax into Heather's curvy body.",
                                        "Fantasies of breasts start to flit through your mind, big chests, small tits, cleavage of women you've met, and bouncing breasts you've never seen before jiggle and shake before you.",
                                        "It starts to almost feel like Heather is titfucking your brain as she gently rubs your head with her tits...",
                                        "ChangeArousalByPercent", "20",
                                        "You look up at her nervously due to the gradually encroaching mental incursion of breasts invading your brain.",
                                        "ChangeImageLayer", "Expression", "Heather", "Caring",
                                        "Heather smiles softly down at you, but you swear you can see a somewhat sadistic gleam in her cheerful blue eyes.",
                                        "ChangeArousalByPercent", "20",
                                        "She easily rolls your slack body over and presses her tits down onto your face harder, and you shudder as pleasure directly assaults your mind as well as your body.",
                                        "Your cock throbs freely in the air, delighting in the pleasure despite the lack of direct stimulation.",
                                        "ChangeImageLayer", "Expression", "Heather", "AraAra",
                                        "Heather shakes your head between her breasts, and your thoughts get jumbled with visions of bouncing mammaries, and you can almost swear you can see Jennifer's supple D cup tits gently shaking in front of your eyes.",
                                        "Next Elena and Vivian's big tits come to mind, pressing together and showing off their impressively deep cleavage.",
                                        "ChangeArousalByPercent", "20",
                                        "Your cock twitches eagerly in the air as the mental assault on your mind continues and waves of pleasure wash through you.",
                                        "Heather strokes your head with her tits, making you shiver and gasp in delight as Nara's soft, bouncy chest dances before your tit delirious vision.",
                                        "ChangeArousalByPercent", "20",
                                        "You want to grab your dick and masturbate so bad, but some unseen force is stopping you from doing so, leaving you trembling in delight underneath Heather.",
                                        "Catherine's small but pert breasts are shyly shown to you, just as important as the big tits you've been seeing.",
                                        "A great love of breasts wells up inside you, and you're just barely able to fight it back, the aching temptation to let them overwhelm you teasing your thoughts.",
                                        "ChangeImageLayer", "Expression", "Heather", "LipLick",
                                        "Heather presses your face deep into her cleavage, and you shudder as it feels like a second Heather snuck up behind you and starts to help the first crush both your body and your mind between their tits.",
                                        "ChangeArousalByPercent", "30",
                                        "Your cock throbs and spasms in ecstasy from the warm waves of intoxicating pleasure assailing your entire body, and a veritable harem of Heathers appear before your eyes, shaking and bouncing their huge, bountiful breasts just for you.",
                                        "You let out a whimper as your mind melts away for Heather's pillowy tits, and you can no longer hold back your building infatuation with tits as her jiggling flesh dances and bounds before you.",
                                        "Your burning desire washes over your brain like molten ecstasy, and your eyes roll up and your hips buck instinctively with your dick spasming wildly in joy, but some unseen force is preventing you from cumming {i}just{/i} yet.",
                                        "Your mind and thoughts have become malleable clay for Heather to mold as she wishes, and she wants you to love tits so much you could cum just by shoving your face between them, your mind is already eagerly conforming to desire, her pillowy tits mere smothering touch slowly melting you away.",
                                        "She giggles softly as you moan mindlessly into her breasts as her intoxicating cleavage remodels your brain into a complete breast fanatic, making your dick spasm happily as you fall deeper and deeper into that blossoming infatuation for boobs.",
                                        "ChangeArousalByPercent", "30",
                                        "Your cock is leaking precum like crazy, eager to let out everything for Heather's big breasts while an endless parade of tits marches through your brain like a visual mantra ingraining into you.",
                                        "Titfucking, breast smothering, suckling tits, breasts simply pressing against you, every kind of sexual fantasy involving tits you could ever imagine and some you had never imagined before unendingly assault your brain, and you can't help but love every second of it as they all shake and sway for you.",
                                        "ChangeImageLayer", "Expression", "Heather", "AraAra",
                                        "Heather lifts her breasts up enough to ease off the endless waves of pleasure with a sinfully sweet smile.",
                                        "Speaks2",
                                        "Hey, [ThePlayerName], do you love breasts?♥",
                                        "PlayerSpeaks",
                                        "I love breasts.♥ I love tits.♥",
                                        "You continue to chant praises for buxom and flat girls like a mantra, ingrained in your mind by Heather's mental assault, boobs completely overwhelming your every thought.",
                                        "ChangeImageLayer", "Expression", "Heather", "Hungry",
                                        "Speaks2",
                                        "Good boy.♥ Now cummmmmm!♥",
                                          "ChangeImageLayer", "Expression", "Heather", "LipLick",
                                        "She presses her heavy tits down onto your face and a cascade of constant electric ecstasy flows over your entire body before seeming to entirely focus on your cock.",
                                        "PlayerOrgasm", "1",
                                        "Your dick twitches and spasms in bliss as you moan into Heather's worship worthy breasts while your manhood starts to spurt load after load of thick semen into the air without being touched once by Heather, your brain completely smothered in pillowy warmth.",
                                        "ChangeImageLayer", "Expression", "Heather", "LipLickGlow",
                                        "Flashes of golden yellow light accompany each spurt of cum as Heather absorbs your thick life energy with a hungry smile, and you're happy to give her every drop she wants.",
                                          "ChangeImageLayer", "Expression", "Heather", "AraAra",
                                        "Heather shakes her tits into your face, forcing you to let out a few more shots of sperm for her before she finally frees you from the pillowy prison of her massive chest.",
                                        "ChangeImageLayer", "Aura", "Heather", "",
                                        "You gasp for air as you lay on the bed, moaning and twitching in the aftershocks of orgasmic pleasure while vivid fantasies of breasts still race through your mind, and your hand darts to your shaft as you start to furiously masturbate as you find out that you're no longer magically immobilized.",
                                          "ChangeImageLayer", "Expression", "Heather", "ClosedEyeSmile",   "ChangeImageLayer", "Expression", "Jennifer", "Concern",
                                        "Speaks",
                                        "{i}Damn{/i} Heather, the fuck did you do to him?",
                                         "ChangeImageLayer", "Expression", "Catherine", "Shy",
                                        "Speaks3",
                                        "S-Seriously...",
                                        "Catherine covers her chest with one hand, seemingly embarrassed by her small size.",
                                        "ChangeImageLayer", "Expression", "Heather", "ClosedEyeSmileOpen",
                                        "Speaks2",
                                        "Oh, I just made it so that he really likes tits.♥ Don't worry, that includes yours as well Cathy.♥",
                                        "ChangeImageLayer", "Expression", "Heather", "ClosedEyeSmile",     "ChangeImageLayer", "Expression", "Catherine", "Flustered",
                                        "Catherine flushes at her words, which only gets deeper as she looks over at you still furiously masturbating on the bed.",
                                        "You're giving the girls quite the show, but you couldn't care less as you desperately try to get off again to the vivid fantasies of breasts floating through your head.",
                                        "PlayerOrgasm",
                                        "1",
                                        "Another mind numbing orgasm hits you, and you moan as you helplessly shoot out more of your cum. Heather quickly steps in, happily absorbing it with her magic as you lay on the bed, gasping and twitching as you try to recover from your intense experiences.",
                                        "The burning obsession with breasts slowly starts to fade as the visions of breasts start to disappear, but doesn't completely go away as you lay on the bed.",
                                        "ChangeImageLayer", "Expression", "Jennifer", "Smile",
                                        "You hardly even remember what happened, just that it felt incredible, and that you might want to get Heather to smother you with her tits again sometime...",
                                        "The succubus trio decide to give you a few moments before the next one gets a turn.",
                                        "ChangeFetish",
                                        "Breasts",
                                        "10",
                                        "IfProgressEqualsOrGreater",
                                        "1",
                                        "RecoveryHeather",
                                        "JumpToEventThenScene",
                                        "Deliver Food to Campers",
                                        "FirstTimeToCatherine"
                                  ]
                            }
                ]
}
