{
    "name": "ChallengeMod",
    "description": "A mod that adds perks to enable new challenge modes.\nIt also adds new events, content, and monster attacks to flesh out the lower level monsters a bit.\nThis mod is intended for a new playthrough.",
    "testedFor": {"major": 25, "minor": 6, "patch": 1},
    "version": 1.45,
    "tags" : [
      "+Difficulty",
      "+4 Events",
      "+5 Perks",
      "+14 Monster Skills",
      "+Castlevania"
    ],
    "credits": "",
    "authors": [
      "Ace of Space"
    ],
    "urlLabel": "Wiki Page",
    "url": "https://monstergirldreams.miraheze.org/wiki/Mod:ChallengeMod"
}
