{
    "name": "Alraune Ambush",
    "CardType": "Event",
    "CardLimit": "2",
    "Description": "An alraune hides among the dense foliage to catch her prey unawares.",
    "requires": [ ""],
    "Speakers": [
                  {
                    "name": "Alraune",
                    "postName": "",
                    "SpeakerType": ""
                  }
                ],
    "EventText": [
                    {
                        "NameOfScene": "EventStart",
                        "theScene": [ "While peacefully walking through some dense foliage, you something sweet and wonderful...",
                                      "Menu",
                                        "Carefully identify the scent. (Int)",
                                        "Ignore it and move on. (Willpower)",
                                        "Follow the scent to its source!",
                                      "EndLoop"
                                  ]
                    },
                            {
                                "NameOfScene": "Carefully identify the scent. (Int)",
                                "theScene": [    "StatCheck",
                                                  "Intelligence",
                                                  "15",
                                                  "ScentIntPass",
                                                  "Fail",
                                                  "ScentFail"
                                          ]
                            },
                            {
                                "NameOfScene": "Ignore it and move on. (Willpower)",
                                "theScene": [    "StatCheck",
                                                  "Willpower",
                                                  "15",
                                                  "ScentWillPass",
                                                  "Fail",
                                                  "ScentFail"
                                          ]
                            },
                            {
                                "NameOfScene": "Follow the scent to its source!",
                                "theScene": [   "JumpToScene", "ScentFail"
                                          ]
                            },

                    {
                        "NameOfScene": "ScentFail",
                        "theScene": [  "As you continue to walk forward, the scent becomes much stronger!",
                                      "Finally, you spot an alraune nearby, hidden amongst the plants, fanning her powerful pheremones in your direction, intoxicating you!",
                                      "ApplyStatusEffect", "Sweet Scent",
                                      "DisplayCharacters",
                                        "1",
                                        "EndLoop",
                                      "ChangeImageLayer", "Expression", "1", "Seductive",
                                      "You stand transfixed, staring at her body, as she shakes her body and jiggles her breasts at you, spreading more of her fragrance.",
                                      "Speaks",
                                      "Come just a bit closer so I can touch you, cutie.♥",
                                      "You obey her. Gently, she pulls you towards her and presses her heavy tits against your chest. You shudder with bliss as she wraps her arms around your neck and pull you into a deep kiss.",
                                      "CombatEncounter",
                                        "Alraune",
                                        "ApplyStance", "Making Out", "SetAttack", "Make Out",
                                      "StartCombat",
                                      "You somehow managed to defeat the alraune despite letting her get the drop on you.",
                                      "Moving forward, you feel a sense of pride."
                                  ]
                    },
                    {
                        "NameOfScene": "ScentIntPass",
                        "theScene": [  "You recognize the scent as the pheremone-laden fragrance of an alraune. You search carefully and, sure enough, you spot an alraune camoflauged among the plants, wafting her intoxicating aroma in your direction.",
                                      "Menu",
                                        "Walk away.",
                                        "Inhale deeply.",
                                        "Hold your breath and attack!",
                                        "HideOptionOnRequirementFail", "RequiresPerk", "Belmont Curse", "'Die, monster!'",
                                      "EndLoop"
                                  ]
                    },
                    {
                      "NameOfScene": "Walk away.",
                      "theScene": [  "You avoid the alraune's trap, ignoring her sighs of dejection."
                      ]
                    },
                          {
                              "NameOfScene": "Inhale deeply.",
                              "theScene": [  "Stepping closer to the alraune, you deeply inhale her pheremones.",
                                            "ApplyStatusEffect", "Sweet Scent",
                                            "You suddenly {i}need{/i} to examine the plant creature more closely! You approach her, your eyes fixed on her huge breasts.",
                                            "DisplayCharacters",
                                              "1",
                                              "EndLoop",
                                            "ChangeImageLayer", "Expression", "1", "Seductive",
                                            "As soon as you are within reach, she pulls you towards her and forces her tongue into your mouth!",
                                            "CombatEncounter",
                                              "Alraune",
                                              "ApplyStance", "Making Out", "SetAttack", "Make Out",
                                            "StartCombat",
                                            "You somehow managed to defeat the alraune despite willingly walking into her trap.",
                                            "Moving forward, you feel a sense of pride."
                                        ]
                          },
                          {
                              "NameOfScene": "Hold your breath and attack!",
                              "theScene": [  "Holding your breath, you carefully approach the alraune.",
                                            "DisplayCharacters",
                                              "1",
                                              "EndLoop",
                                            "ChangeImageLayer", "Expression", "1", "Seductive",
                                            "As you come closer, the monster spreads her arms welcomingly.",
                                            "CombatEncounter",
                                              "Alraune",
                                            "StartCombat",
                                            "You overcame the busty plant's clever ruse. Moving forward, you feel a sense of pride."
                                        ]
                          },
                                    {
                                        "NameOfScene": "'Die, monster!'",
                                        "theScene": [  "You charge at the plant creature, but unfortunately inhale her pheremones as you prepare your battle-cry.",
                                                      "ApplyStatusEffect", "Sweet Scent",
                                                      "DisplayCharacters",
                                                        "1",
                                                        "EndLoop",
                                                      "ChangeImageLayer", "Expression", "1", "Seductive",
                                                      "PlayerSpeaks",
                                                      "Die, -- mommy, look at the {i}size{/i} of those things!",
                                                      "Your head clouds and you blush red. You are overcome with longing for the beautiful creature!",
                                                      "Speaks",
                                                      "Come to momma, baby!",
                                                      "You stand transfixed, staring at her body, as she attacks!",
                                                      "CombatEncounter",
                                                        "Alraune",
                                                      "StartCombat",
                                                      "You somehow managed to defeat the alraune despite succumbing to her pheremones. Moving forward, you feel a sense of pride."
                                                  ]
                                    },
                {
                    "NameOfScene": "ScentWillPass",
                    "theScene": [  "Ignoring the divine fragrance, you continue on your way while putting some distance between you and its source.",
                                  "You hear a woman's voice behind you.",
                                  "Speaks",
                                   "Please help me, sir! I've fallen, and I can't get up!",
                                  "DisplayCharacters",
                                    "1",
                                    "EndLoop",
                                  "ChangeImageLayer", "Expression", "1", "Oops",
                                  "You see an alraune lying on her back, halfway fallen out of her flower, seemingly too top-heavy to get back up by herself. Unless it's a trap...",
                                  "Menu",
                                    "Walk away.",
                                    "Help the poor thing!",
                                    "Hold your breath and attack!",
                                    "HideOptionOnRequirementFail", "RequiresPerk", "Belmont Curse", "'Die, monster!'",
                                  "EndLoop"
                              ]
                },
                              {
                                  "NameOfScene": "Help the poor thing!",
                                  "theScene": [  "You help the grateful alraune to an upright position. She clings to you as you do so, shaking her body and spreading her scent.",
                                                "Speaks",
                                                "Oh thank you, thank you sir!",
                                                "ApplyStatusEffect", "Sweet Scent",
                                                "Your head clouds and you blush red. You can't take your eyes off her. You are overcome with longing for the beautiful creature!",
                                                "ChangeImageLayer", "Expression", "1", "Seductive",
                                                "Speaks",
                                                "My hero!",
                                                "Suddenly, she pulls you towards her and forces her tongue into your mouth!",
                                                "CombatEncounter",
                                                  "Alraune",
                                                  "ApplyStance", "Making Out", "SetAttack", "Make Out",
                                                "StartCombat",
                                                "You somehow managed to defeat the alraune despite falling for her wiles. Moving forward, you feel a sense of pride."
                                            ]
                              }
                ]
}
