{
    "name": "Elf Wedding",
    "CardType": "",
    "CardLimit": "0",
    "Description": "",
    "requires": [ ""],
    "Speakers": [
                  {
                    "name": "Elf",
                    "postName": " 1",
                    "SpeakerType": "Monster"
                  },
                  {
                    "name": "Elf",
                    "postName": " 2",
                    "SpeakerType": "Monster"
                  }
                ],
    "EventText": [
                    {
                        "NameOfScene": "EventStart",
                        "theScene": [
                          "You thrust your cock up into the elf's deepest parts, causing her to moan loudly.",
                          "ChangeImageLayer", "Expression", "1", "Ahegao",
                          "Speaks",
                          "Oh Goddess, best birthday {i}ever{/i}!",
                          "ChangeImageLayer", "Expression", "2", "Smug",
                          "PlayerOrgasmNoSpiritLoss",
                          "SetSpirit", "1",
                          "ClearNonPersistentStatusEffects",
                          "ChangeImageLayer", "Expression", "1", "Ahegao",
                          "You moan loudly as the second elf massages you between your balls and your butthole. Your cock explodes inside her friend's exquisite pussy. Crying out in ecstasy, she slams her hips into yours, and her tight love muscles constrict your dick like a hungry python, pressing your tip all the way against her womb.",
                          "ChangeImageLayer", "Expression", "1", "Shock Blush",
                          "Speaks",
                          "Oh, he's cumming! Deep inside me!",
                          "You try to make yourself stop cumming, but the elves are utterly merciless as they milk your spasming cock and balls. Your hips involuntarily buck against those of the elf trapping your cock, and you cry out helplessly against the endless orgasm.",
                          "ChangeImageLayer", "Expression", "2", "Dominant",
                          "The second elf squeezes your balls, forcing even more cum from your cock and more groans from your mouth. The two elves continue draining you until you are nearly spent.",
                          "Speaks2",
                          "He's almost done! Make him cum again, drain him dry!",
                          "ChangeImageLayer", "Expression", "1", "Flustered",
                          "Speaks",
                          "No, wait! Stop! I {i}want{/i} him!",
                          "The elf moves off your cock, and you moan as it slides out of her pussy. No longer rigid, it appears flattened, crushed by the elf's powerful contractions. You sit up.",
                          "ChangeImageLayer", "Expression", "2", "Smug",
                          "Speaks2",
                          "Are you sure about this?",
                          "ChangeImageLayer", "Expression", "1", "Angry",
                          "Speaks",
                          "I want {i}all{/i} of him!",
                          "Her friend gazes at your groin lustfully for a moment.",
                          "ChangeImageLayer", "Expression", "2", "Lewd",
                          "Speaks2",
                          "Wow, that must be {i}some{/i} cock! You're going to share, right!?",
                          "ChangeImageLayer", "Expression", "1", "Tsun",
                          "Speaks",
                          "Yes, I'll share, just help me find it and get him home!",
                          "ChangeImageLayer", "Expression", "2", "Dominant",
                          "The elves suddenly descend upon you as one, the first one frantically searching your clothes, pockets, and belongings while her friend seizes your wrists and pins them behind your back!",
                          "ChangeImageLayer", "Expression", "1", "Smug",
                          "Speaks",
                          "Found it!",
                          "The first elf holds your recall stone triumphantly in her nimble fingers! Her friend has produced some sort of vine or rope and is trying to bind your wrists together!",
                          "Menu",
                            "InverseRequirement", "RequiresItem", "Ring of Adamant", "'It's a present for you!'",
                            "Stop them!",
                          "EndLoop"
                      ]
                    },
                      {
                          "NameOfScene": "'It's a present for you!'",
                          "theScene": [
                            "ChangeBGM", "music/Relaxing/Purple Planet Music - Gentle - Meltwater (1_38) (L).mp3",
                            "ChangeImageLayer", "Expression", "1", "Flustered",
                            "Speaks",
                            "You offer it to me freely? But, that must mean... you {i}want{/i} to marry me...",
                            "ChangeImageLayer", "Expression", "2", "Shock Blush",
                            "The second elf gasps behind you, and you feel the vines around your wrists fall to the ground.",
                            "Speaks",
                            "I do not deny that my heart has greatly desired this! But you need it to keep you safe...",
                            "She gently presses your recall stone back into your hands.",
                            "ChangeImageLayer", "Expression", "1", "Base",
                            "Speaks",
                            "Instead let me offer you this token of my love. Keep it secret. Keep it safe. And return to me when your journey is complete.",
                            "She removes a ring from her hand and gives it to you.",
                            "GiveItem", "1", "Ring of Adamant",
                            "ChangeImageLayer", "Expression", "2", "Tsun Blush",
                            "Speaks2",
                            "We're still gonna drain his balls, right? I haven't gotten any vaginal action, yet!",
                            "ChangeImageLayer", "Expression", "1", "Shock Blush",
                            "Speaks",
                            "No, Sis! He needs his strength for his travels. We will save his seed for our wedding night!",
                            "DamagePlayerFromMonster", "Horny Elf", "Elven Kissing",
                            "Suddenly she thows her arms around your neck and pulls you into a deep, sensual kiss, hungrily pushing her tongue into your mouth. You give a surprised moan and your cock hardens again.[DamageToPlayer]",
                            "ChangeImageLayer", "Expression", "1", "Base",
                            "Speaks",
                            "Until then, try not to cum, my love! I will be waiting, and my pussy will be overflowing with love for you...",
                            "ChangeImageLayer", "Expression", "1", "Flustered",
                            "Speaks",
                            "I-I mean... m-my {i}heart{/i} will be overflowing!",
                            "DamagePlayerFromMonster", "Sister Elf", "Lizard Entrance",
                            "And with that, she turns and departs, followed by her sister. As the second elf passes you, she reaches into your breeches behind her sister's back. She presses her crotch against yours, rubbing her soaked sex against your manhood.[DamageToPlayer]",
                            "ChangeImageLayer", "Expression", "2", "Smug Blush",
                            "Speaks2",
                            "Mine already is...",
                            "And with that, the elves leave, and you continue on your journey."
                        ]
                      },
                      {
                          "NameOfScene": "Stop them!",
                          "theScene": [
                            "You quickly shrug free of the vines and snatch your recall stone out of the hand of the elf!",
                            "ChangeImageLayer", "Expression", "2", "Angry",
                            "Speaks2",
                            "Damn it!",
                            "ChangeImageLayer", "Expression", "1", "Shock",
                            "Speaks",
                            "No! I won't let you fade away!",
                            "The horny elf leaps into your lap. She seizes your arm and tries vainly to wrestle the stone from you.",
                            "ChangeImageLayer", "Expression", "1", "Tsun Blush",
                            "Speaks",
                            "Sis, help me!",
                            "ApplyStatusEffect", "Elven Philter",
                            "ChangeImageLayer", "Expression", "2", "Lewd",
                            "Suddenly the second elf grabs you from behind and pulls you into a deep kiss. Her mouth is full of a sweet-tasting liquid which she forces into your mouth. You swallow reflexively and are filled with desire for the elf girls, your mind spins and your cock hardens again almost instantly.",
                            "ChangeImageLayer", "Expression", "2", "Dominant",
                            "Speaks2",
                            "Got him!",
                            "The elf in your lap grabs you by the dick and wraps her long legs tightly around your waist. You stop fighting back and moan with lust when she starts pumping your cock with her hand. She presses your tip against her entrance and then thrusts her hips into yours, engulfing your cock with her tight pussy once again.",
                            "ChangeImageLayer", "Expression", "1", "Lustful",
                            "Speaks",
                            "Just let me fuck you, darling! Just relax...",
                            "You know that you need to get away from these hellions but her pussy feels soooo good as it fondles your cock you can't bring yourself to do anything other than writhe in ecstasy. You {i}need{/i} to be inside her right now. Your cock throbs and your balls ache.",
                            "ChangeImageLayer", "Expression", "2", "Smug",
                            "DamagePlayerFromMonster", "Horny Elf", "Grind",
                            "The elf girl slowly grinds her hips against yours, filling your entire body with bliss. You are pushed back and your hands fall to the ground behind you to preserve your balance.[DamageToPlayer]Your recall stone falls from your grasp and you barely notice as her companion punts it into the foliage of the forest.",
                            "Moaning, you try to thrust into the elf's divine pussy, the ache in your balls growing too great to bear, but she pulls back, stopping you.",
                            "ChangeImageLayer", "Expression", "1", "Smug Blush",
                            "Speaks",
                            "No, sweetie, just let me take care of you real slow right now. Once we get home you can pound me as hard as you want. I'll be your obedient little slut, okay?",
                            "DamagePlayerFromMonster", "Horny Elf", "Grind",
                            "She goes back to slowly grinding your cock with her pussy and you are filled with such bliss that you barely realize that the other one is binding your legs with vines.[DamageToPlayer]",
                            "ChangeImageLayer", "Expression", "1", "Lewd",
                            "Speaks",
                            "We may not get another chance to do this till we get home... let's take our time and enjoy it.",
                            "She leans back and opens up her tunic, giving you a spectacular view of her bouncing breasts as she gently makes love to you. Meanwhile, her friend has finished binding your legs and has moved behind you to start on your arms.",
                            "If you don't do something about this situation, you're going to become a prisoner of these hellions. Or worse.",
                            "Menu",
                              "This is awesome.",
                              "Get loose!",
                            "EndLoop"
                        ]
                      },
                      {
                          "NameOfScene": "This is awesome.",
                          "theScene": [
                            "You groan with the overwhelming need to release your seed into the elf girl. She has your full attention while the other works with her rope.",
                            "ChangeImageLayer", "Expression", "1", "Flustered",
                            "Speaks",
                            "Hang in there, sweetheart! Just a bit longer, and you can be mine forever!♥",
                            "ChangeImageLayer", "Expression", "2", "Dominant",
                            "Speaks2",
                            "Done!",
                            "The first elf begins bouncing on your cock.",
                            "ChangeImageLayer", "Expression", "1", "Incoherently Lewd",
                            "Speaks",
                            "Cum for me, darling, cum!♥",
                            "You try thrusting yourself into the elf's divine pussy but you are finding it very hard to move. You squirm beneath her as best you can until you finally achieve the release you long for and your balls burst into her.",
                            "PlayerOrgasm", "1",
                            "ChangeImageLayer", "Expression", "1", "Ahegao",
                            "Speaks",
                            "Oh, yes, he still has so much seed!♥",
                            "As your orgasm subsides you find yourself exhausted and bound tight, hand and foot. Your lover gasps on top of you for a moment before climbing off to help her comrade.",
                            "JumpToScene", "HomewardBound"
                        ]
                      },
                      {
                          "NameOfScene": "HomewardBound",
                          "theScene": [
                            "Within minutes the astoundingly woodcrafty elves have fashioned a long pole that they fasten to your bonds. Hoisting the pole onto their shoulders, they carry you off into the wilderness like a hog on a spit.",
                            "ChangeImageLayer", "Expression", "1", "Base",
                            "Speaks",
                            "You'll love living among the elves, darling! You won't have a care in the world besides cooking for me, cleaning the house, rubbing my feet, gardening, raising our daughters, and fucking me, your subservient wife!",
                            "ChangeImageLayer", "Expression", "2", "Angry",
                            "Her partner glares and loudly clears her throat.",
                            "ChangeImageLayer", "Expression", "1", "Extra Smug",
                            "Speaks",
                            "Oh yes, and occasionally fucking my big sister. And maybe some of my other friends. You know, if I need a favor or something. Or maybe just to make them jealous!",
                            "ChangeImageLayer", "Expression", "2", "Tsun",
                            "Speaks2",
                            "Aren't you going to tell him what happens to him if he can't get anybody pregnant?",
                            "ChangeImageLayer", "Expression", "1", "Shock Blush",
                            "Speaks",
                            "Shhhh! Sis! No need to scare him before we get home!",
                            "You spend the rest of your days in blissful wedlock with the elf girl. Your quest ends here.",
                            "TrueGameOver"
                        ]
                      },
                      {
                          "NameOfScene": "Get loose!",
                          "theScene": [
                            "With a mighty roar, you push away the elf trying to tie you up and wriggle free of the vines around your arms.",
                            "ChangeImageLayer", "Expression", "2", "Tsun Blush",
                            "Speaks2",
                            "Sonofadwarf did it {i}again{/i}!",
                            "Her sister shoves you onto your back and starts bouncing fast and hard on your dick.",
                            "ChangeImageLayer", "Expression", "1", "Dominant",
                            "Speaks",
                            "Too late, human! Your cock is mine, now!",
                            "CombatEncounter",
                                "Horny Elf", "ApplyStance", "Sex", "SetAttack", "Insert",
                                "Sister Elf",
                            "StartCombat",
                            "With both elves satisfied, you start searching the area for your recall stone that they threw away.",
                            "AdvanceTime", "1",
                            "Finally locating your stone, you continue on your way, deciding this spot clearly wasn't as safe as you first thought."
                        ]
                      },
                      {
                          "NameOfScene": "HornyElfLoss",
                          "theScene": [
                            "DisplayCharacters",
                              "1",
                            "EndLoop",
                            "You groan as exhaustion overtakes your body, and the elf quickly pushes you down onto the ground, thrusting your rigid manhood inside her exquisite pussy.",
                            "ChangeImageLayer", "Expression", "1", "Dominant",
                            "Speaks",
                            "Now we're going to fuck until I'm your personal elven slut!♥ Then, we'll go home and get {i}married{/i}!♥",
                            "ChangeImageLayer", "Expression", "1", "Smug Blush",
                            "She braces herself on your chest and starts to bounce her hips on your achingly rigid manhood.",
                            "As she rides your cock, you moan and writhe on the ground in pleasure, barely able to think as whatever the elves made you drink courses through you.",
                            "Waves of ecstasy flow over your body with her every movement, making your aching balls tighten and your dick throb uncontrollably.",
                            "ChangeImageLayer", "Expression", "1", "Lustful",
                            "Speaks",
                            "I can feel it!♥ You're so close!♥ Cum!♥ Knock me up!♥",
                            "With a rush of primal energy, your hands reach out and grab her hips before slamming her down onto your manhood.",
                            "ChangeImageLayer", "Expression", "1", "Lewd",
                            "PlayerOrgasm", "1",
                            "Your cock erupts in pleasure as you pump her tight elven pussy full of semen while she shudders and cries out in ecstasy.",
                            "ChangeImageLayer", "Expression", "1", "Lustful",
                            "She grins down at you with a pleasure drunk expression on her face.",
                            "Speaks",
                            "C-Come on human, don't stop until I'm pregnant.♥",
                            "ChangeImageLayer", "Expression", "1", "Smug Blush",
                            "Driven with an unstoppable need to fuck her senseless, you lift your hips and start to thrust up into her greedy slit as she moves down in time with your movements.",
                            "Speaks",
                            "That's it!♥ Fuck me!♥",
                            "Her elven pussy clamps tightly around your shaft, eager to take more of your thick seed.",
                            "Your cock throbs achingly in response, your every thrust bringing you closer to a cataclysmic orgasm.",
                            "ChangeImageLayer", "Expression", "1", "Lewd",
                            "The two of you moan in lust as you slam your hips together, tingles of electric pleasure running over your skin as you feel the orgasm fast approaching.",
                            "ChangeImageLayer", "Expression", "1", "Incoherently Lewd",
                            "PlayerOrgasm", "1",
                            "As you spurt load after load of your seed into the lusty elf, she quivers and cries out in her own orgasm as her arms give out and she collapses, panting heavily as she lays on your chest.",
                            "ChangeImageLayer", "Expression", "1", "Lewd",
                            "She pulls you into a deep, loving kiss as the two of you continue to grind your hips together.",
                            "ChangeImageLayer", "Expression", "1", "Smug Blush",
                            "Your hands move to grope her curved rear while she rubs her soft chest against you.",
                            "The two of you moan into each other's mouths as you start to thrust your hips together once more.",
                            "Her tight elven pussy clings desperately to your erect and throbbing manhood, providing an intensely pleasurable sensation to your groin.",
                            "The elf breaks the kiss with loud, wet smack and grins at you lewdly, gasping in pleasure.",
                            "ChangeImageLayer", "Expression", "1", "Dominant",
                            "Speaks",
                            "I think your cock's becoming very obedient to my pussy now, isn't it?♥",
                            "Stuck in a pleasure induced haze, you can only nod your head as your dick throbs, aching to give her more cum.",
                            "ChangeImageLayer", "Expression", "1", "Smug Blush",
                            "Speaks",
                            "Good human!♥ Now give this elven slut-♥ uhm, your {i}fiancee{/i} your thick load.♥",
                            "ChangeImageLayer", "Expression", "1", "Incoherently Lewd",
                            "Much to the elf's delight, you thrust hard and fast into her tight slit, quickly sending you both into the throes of another orgasmic high.",
                            "PlayerOrgasm", "1",
                            "Her pussy eagerly accepts your seed, clamping down hard on your shaft as you cum, sending shivers of bliss through you.",
                              "ChangeImageLayer", "Expression", "1", "Lewd",
                            "The two of you shudder with pleasure as orgasmic aftershocks flow through both of you, leaving you both gasping for air.",
                            "ChangeImageLayer", "Expression", "1", "Smug Blush",
                            "Speaks",
                            "Well, I'm definitely pregnant now.♥",
                            "The elf giggles, and you find yourself completely exhausted as your arms fall to your sides.",
                            "ChangeImageLayer", "Expression", "1", "Lustful",
                            "Speaks",
                            "Mmm,♥ Ah, I should probably get you to the village...",
                            "She gyrates her hips a little on your still achingly rigid manhood as she pushes herself up on her arms, gasping with lust.",
                            "Speaks",
                            "Well...♥  One more time can't hurt.♥ We just have to be careful because you don't have your recall stone!",
                            "The elf quickly begins to ride your overused cock, as if she was hardly tired from all the prior sex.",
                            "Even delirious from pleasure, you can tell whatever energy the potion gave you has already worn off.",
                            "ChangeImageLayer", "Expression", "1", "Smug Blush",
                            "She grins at you sluttily as you moan in ecstasy, spurring herself on to fuck you even harder.",
                            "PlayerOrgasm", "1",
                            "It doesn't take long for her exquisite elven pussy to milk another huge load of cum from your aching balls, leaving you shaking in pleasure.",
                            "ChangeImageLayer", "Expression", "1", "Lustful",
                            "She shudders blissfully as your cum fills her womb, grinding her hips against yours while delighting in her post-orgasmic ecstasy.",
                            "Speaks",
                            "Just...♥ Just one more round.♥ Let me know if you're about to die, darling!",
                            "ChangeImageLayer", "Expression", "1", "Lewd",
                            "You moan as she starts to bounce her hips again, and despite her saying 'just one more round', she keeps going and going...",
                            "PlayerOrgasm", "1",
                            "Drunk with pleasure, you can't keep track of the number of times she rides your cock to another electrifying orgasm, or the number of times she said it would be the last round.",
                            "PlayerOrgasm", "1",
                            "Even as you black out from a powerful combination of pleasure and exhaustion, she keeps fucking you as her seemingly endless libido is unable to be sated...",
                            "Your quest (and your life?) ends here.",
                            "TrueGameOver"
                        ]
                      },
                      {
                          "NameOfScene": "SisterElfLoss",
                          "theScene": [
                            "DisplayCharacters",
                              "2",
                            "EndLoop",
                            "ChangeImageLayer", "Expression", "1", "Dominant",
                            "You groan as exhaustion overtakes your body, and the elf quickly pushes you down onto the ground.",
                            "Speaks2",
                            "Fool! My sister is weak, but I'm {i}invincible{/i}!",
                            "ChangeImageLayer", "Expression", "1", "Lustful",
                            "She quickly envelops your dick with her wet mouth and starts deepthroating your cock while her hazel eyes stare up at your face ecstatically.",
                            "While bobbing her head with unnatural grace, her nimble hands start to gently massage your aching balls.",
                            "ChangeImageLayer", "Expression", "1", "Lewd",
                            "Occasionally, her bobbing stops as her tongue swirls around your tip before taking your shaft back to the hilt.",
                            "Unable to resist her any longer, you quickly reach your limit, but right before release she pulls her mouth off of your cock.",
                            "ChangeImageLayer", "Expression", "1", "Dominant",
                            "Speaks",
                            "Hehehe. Sorry human, but I've got to train this dick of yours to be obedient to elven sluts like my sister!",
                            "ChangeImageLayer", "Expression", "1", "Lustful",
                            "You can only moan as she puts your sensitive cock back into her teasing mouth.",
                            "Again and again, she brings you right to the edge of orgasm, then stops.",
                            "Your engorged cock twitches and spasms with need as your balls endlessly ache for release.",
                            "ChangeImageLayer", "Expression", "1", "Smug Blush",
                            "Speaks",
                            "Weellll, let's not waste this huge load in my mouth.",
                            "She quickly straddles you, moving aside her undergarments as she aligns her dripping pussy over your overstimulated manhood.",
                            "ChangeImageLayer", "Expression", "1", "Lustful",
                            "Speaks",
                            "Ahh♥ I'm definitely gonna get pregnant from this!",
                            "She quickly descends, taking the full length of your shaft in one smooth movement, instantly sending you into a cascading orgasm as you shoot unnatural amounts of cum into her.",
                            "ChangeImageLayer", "Expression", "1", "Lewd",
                            "Speaks",
                            "Yes! Pump me full of your seed! Knock me up!♥",
                            "As your orgasm finally starts to subside, she grins lewdly and starts to move her hips, forcing out more of your seed as you shudder in ecstasy.",
                            "ChangeImageLayer", "Expression", "1", "Incoherently Lewd",
                            "Speaks",
                            "Ah! Wouldn't it be great if you got me pregnant before her? Haha! Oh Goddess, that idea is turning me on!",
                            "She quickly brings herself to orgasm riding your shaft, her orgasmic spasms sending you to new heights of pleasure.",
                            "ChangeImageLayer", "Expression", "1", "Dominant",
                            "Speaks",
                            "You look completely delirious. Hehehe, I suppose I can give you a break...♥",
                            "She dismounts your shaft and you let out a sigh of relief, pleasure still racing through your mind.",
                            "Speaks",
                            "You see, unlike my sister, I know when to stop. Once I take all I can from you I'm going to wrap you up like a gift and drag you back to the village. You'll marry her, but don't worry. You can always come see me when you need a {i}real{/i} elf to take care of you!",
                            "She grins mischievously, taking your cock back between her soft lips as she starts to edge you all over again.",
                            "This cycle of sucking you until you can't stand it anymore then milking out your massive loads with her pussy continues for what feels like an eternity, and your manhood refuses to flag under her constant ministrations.",
                            "You aren't sure how long it takes for you to finally black out from the pleasure, but even as your vision starts to go dark, the lusty elf continues her oral assault...",
                            "You wake some time later in the elf village. The wedding is already underway. You spend the rest of your days in blissful wedlock to an elf girl. Your quest ends here.",
                            "TrueGameOver"
                        ]
                      },
                      {
                          "NameOfScene": "TwoElfLoss",
                          "theScene": [
                            "DisplayCharacters",
                              "1",
                              "2",
                            "EndLoop",
                            "You groan as exhaustion overtakes your body and you slump to the ground.",
                            "ChangeImageLayer", "Expression", "2", "Dominant",
                            "Speaks2",
                            "He's had it. Let's wrap him up!",
                            "ChangeImageLayer", "Expression", "1", "Lewd",
                            "Speaks",
                            "Not yet, I need more! His stone is gone, he won't vanish!",
                            "ChangeImageLayer", "Expression", "2", "Tsun",
                            "Speaks2",
                            "It'll be alot safer if we get him home first. Remember last time?",
                            "ChangeImageLayer", "Expression", "1", "Flustered",
                            "Speaks",
                            "That was {i}weeks{/i} ago! Goddess, I accidentally fuck {i}one{/i} adventurer to death and I never hear the end of it!",
                            "Speaks2",
                            "I just hope you take better care of this one!",
                            "Working together, the two elves quickly wrap you up with vines and ropes. They even put a bow on it.",
                            "JumpToScene", "HomewardBound"
                        ]
                      }

  ]
}
