{
    "name": "Lizard Sightings",
    "CardType": "Event",
    "Addition": "Yes",
    "Speakers": [
                  {
                    "name": "Angry Lizard Girl",
                    "postName": "",
                    "SpeakerType": "Monster"
                  },
                  {
                    "name": "Kyra",
                    "postName": "",
                    "SpeakerType": "Monster"
                  }
                ],
    "EventText": [
                    {
                        "NameOfScene": "EventStart",
                        "theScene": [  "MenuAddition",
                                        "HideOptionOnRequirementFail", "RequiresPerk", "Belmont Curse", "'Die, monster!'",
                                      "EndLoop"
                                  ]
                    },
                    {
                        "NameOfScene": "'Die, monster!'",
                        "theScene": [  "ChangeImageLayer", "Expression",
                                      "1",
                                      "Angry",
                                      "SetChoice",   "1", "'Die, monster!'",
                                      "ChangeBGM", "music/Battle/Battel-LunaticDance.mp3",
                                      "Speaks",
                                      "Finally! Face me like a warrior!",
                                      "As she prepares to charge again, you lash out with your whip!",
                                      "ChangeImageLayer", "Expression",
                                      "1",
                                      "Surprised",
                                      "Her face flushes and she lets out a sharp gasp.",
                                      "Speaks",
                                      "What the hell?? You'll pay for that!",
                                      "Once more, the lizard girl slashes at you, and once more her sword proves ineffective.",
                                      "ChangeImageLayer", "Expression",
                                      "1",
                                      "Yelling",
                                      "Speaks",
                                      "You CHEATER!",
                                      "She cries out in rage and despair before running back into the forest...",
                                      "DisplayCharacters",
                                        "EndLoop",
                                      "You're pretty sure you won that battle.",
                                      "ChangeProgress",
                                      "1"
                                  ]
                    }
                ]
}
