{
    "name": "Short Whip",
    "cost": "5",
    "costType": "ep",
    "requiredLevel": "0",
    "learningCost": "200",
    "skillType": "attack",
    "statType": "Technique",
    "requiredStat": "0",
    "skillTags": [ "Pain"],
    "fetishTags": [ "Sex Toy"],
    "startsStance": "",
    "requiresStance": "Any",
    "unusableIfStance": [ "Any"],
    "requiresTargetStance": [ "Any"],
    "unusableIfTarget": [ ""],
    "removesStance": "None",
    "requiresStatusEffect": "None",
    "requiresStatusPotency": "0",
    "unusableIfStatusEffect": [ "None"],
    "power": "20",
    "minRange": "90",
    "maxRange": "110",
    "recoil": "0",
    "targetType": "single",
    "statusEffect": "None",
    "statusChance": "0",
    "statusDuration": "0",
    "statusPotency": "0",
    "statusResistedBy": "",
    "statusText": "",
    "descrip": "A short whip to punish your opponents with. This is a sex toy.",
    "outcome": "[AttackerName] lashes out with a whip, hitting [TargetName]'s sensitive areas and eliciting a cry of painful pleasure from them.",
    "miss": "[AttackerName] lashes out with a whip, but [TargetName] deftly avoids the strike!",
    "statusOutcome": "",
    "statusMiss": "",
    "restraintStruggle": "",
    "restraintStruggleCharmed": "",
    "restraintEscaped": "",
    "restraintEscapedFail": ""
}
