{
    "name": "Blue Slime",
    "IDname": "Blue Slime",
    "Addition": "Yes",
    "skillList": [ ""],
    "perks": [ ""],
    "ItemDropList": [
    ],
    "lossScenes": [
    ],
    "combatDialogue": [
                        {
                            "lineTrigger": "HitWith",
                            "move": "Short Whip",
                            "theText": [ "|f|ChangeImageLayer|/|Expression|/|Base|n|Her whole body jiggles in response to the whipping, and she giggles like you tickled her.",
                                        "|f|ChangeImageLayer|/|Expression|/|Excited|n|'Ehehe, my whole body is rippling from that!'"]
                        },
                        {
                          "lineTrigger": "HitWith",
                          "move": "Demon Layer",
                          "theText": [ "|f|ChangeImageLayer|/|Expression|/|Bashful|n|'W-Woah...♥ My whole body is rippling and jiggling from that!♥ It feel really nice...♥'",
                                      "|f|ChangeImageLayer|/|Expression|/|Lewd|n|'This feels so weird...♥'",
                                      "|f|ChangeImageLayer|/|Expression|/|Bashful|n|'Ahhhh...♥'",
                                      "|f|ChangeImageLayer|/|Expression|/|Lewd|n|'Ehehe...♥'",
                                      "|f|ChangeImageLayer|/|Expression|/|Lewd|n|Her whole body jiggles in response to the strike of the Demon Layer, and she lets out a lusty moan as a wave of holy magic washes over her."]
                        },
                        {
                            "lineTrigger": "HitWith",
                            "move": "Dart",
                            "theText": [ "|f|ChangeImageLayer|/|Expression|/|Base Blush|n|'Ah? Free food!♪ Ehhh... I'm starting to feel weird...'",
                                        "|f|ChangeImageLayer|/|Expression|/|Excited Blush|n|'Mmmm... Now I really want some semen!♪'"]
                        },
                        {
                          "lineTrigger": "HitWith",
                          "move": "Intimidate",
                          "theText": [ "|f|ChangeImageLayer|/|Expression|/|Excited Blush|n|'Really?!♥ Okay! Then let's do it right now.♪'",
                                      "|f|ChangeImageLayer|/|Expression|/|Lewd|n|'Well, I'll eat up your every drop of cum.♪'",
                                      "|f|ChangeImageLayer|/|Expression|/|Lewd|n|'You're making me feel all warm and gooey...'",
                                      "|f|ChangeImageLayer|/|Expression|/|Lewd|n|'You're making me feel all warm and gooey...'|n||f|ChangeImageLayer|/|Expression|/|Excited Blush|n|'Wait, I'm always gooey.'",
                                      "|f|ChangeImageLayer|/|Expression|/|Lewd|n|'Hmmmm, we should just cuddle while I milk your cum out then.♪'"]
                        },
                        {
                          "lineTrigger": "HitWith",
                          "move": ["True Holy Water", "Holy Cross", "Holy Aura"],
                          "theText": [ "|f|ChangeImageLayer|/|Expression|/|Excited Blush|n|'Ehehe, that tickles! Hmmm, and feels really good.'",
                                      "|f|ChangeImageLayer|/|Expression|/|Lewd|n|'You're making me feel all warm and gooey...'",
                                      "|f|ChangeImageLayer|/|Expression|/|Lewd|n|'You're making me feel all warm and gooey...'|n||f|ChangeImageLayer|/|Expression|/|Excited Blush|n|'Wait, I'm always gooey.'"]
                        }
                      ],
  "victoryScenes": [
                  ],
                  "pictures": [
                  ]
}
