{
    "name": "Elf",
    "IDname": "Horny Elf",
    "species": "Fae",
    "gender": "female",
    "description": "A horny elf that tries to abduct the player.",
    "encyclopedia": "",
    "tags": "none",
    "generic": "True",
    "requires": [ ""],
    "skillList": [ "Blowjob", "Kiss", "Deepthroat", "Vacuum Blowjob", "Tighten", "Elven Kiss", "Elven Kissing", "Oral Tease", "Grind", "Double Blowjob", "Ball Rub", "Nifkin Rub"],
    "perks": [ "Semen Frenzy"],
    "stats": { "lvl": "1",
              "Exp": "10",
              "max_hp": "125",
              "max_ep": "30",
              "max_sp": "1",
              "Power": "3",
              "Technique": "5",
              "Intelligence": "10",
              "Allure": "6",
              "Willpower": "1",
              "Luck": "4"
    },
    "Fetishes": [ "Cock|/|50"],
    "BodySensitivity": { "Sex": "100",
              "Ass": "100",
              "Breasts": "100",
              "Mouth": "200",
              "Seduction": "200",
              "Magic": "100",
              "Pain": "100",
              "Holy": "100",
              "Unholy": "100"
    },
    "resistancesStatusEffects": {
              "Stun": "0",
              "Charm": "-50",
              "Aphrodisiac": "0",
              "Restraints": "0",
              "Sleep": "0",
              "Trance": "0",
              "Paralysis": "0"
    },
    "moneyDropped": "50",
    "ItemDropList": [
                      {
                        "name": "Elven Herb",
                        "dropChance": "70"
                      },
                      {
                        "name": "Elven Herb",
                        "dropChance": "40"
                      },
                      {
                        "name": "Calming Potion",
                        "dropChance": "25"
                      },
                      {
                        "name": "Anaph Herb",
                        "dropChance": "25"
                      },
                      {
                        "name": "Rune Of Action",
                        "dropChance": "10"
                      }
                    ],
    "lossScenes": [
                    {
                        "NameOfScene": "Lost to Horny Elf",
                        "move": "",
                        "stance": "",
                        "includes": [ "Horny Elf"],
                        "theScene": [ "JumpToEventThenScene", "Elf Wedding",
                                      "HornyElfLoss"
                                  ],
                        "picture": ""
                    },
                    {
                        "NameOfScene": "Horny Threesome",
                        "move": "",
                        "stance": "",
                        "includes": [ "Horny Elf", "Sister Elf"],
                        "theScene": [ "JumpToEventThenScene", "Elf Wedding",
                                    "TwoElfLoss"
                                  ],
                        "picture": ""
                    }
                  ],
    "combatDialogue": [
                        {
                            "lineTrigger": "HitWith",
                            "move": "Spank",
                            "theText": [ "|f|ChangeImageLayer|/|Expression|/|Flustered|n|'KYAA!'",
                                        "|f|ChangeImageLayer|/|Expression|/|Flustered|n|'EEP!'",
                                        "|f|ChangeImageLayer|/|Expression|/|Lustful|n|'That felt... nice?'"]
                        },
                        {
                          "lineTrigger": "HitWith",
                          "move": "Whip",
                          "theText": [ "|f|ChangeImageLayer|/|Expression|/|Flustered|n|'KYAA!'",
                                      "|f|ChangeImageLayer|/|Expression|/|Lustful|n|'A-Are you trying to b-break me?!♥'",
                                      "|f|ChangeImageLayer|/|Expression|/|Lustful|n|'That felt... nice?'"]
                        },
                        {
                          "lineTrigger": "HitWith",
                          "move": "Demon Layer",
                          "theText": [ "|f|ChangeImageLayer|/|Expression|/|Lustful|n|'A-Are you trying to b-break me?!♥'",
                                      "|f|ChangeImageLayer|/|Expression|/|Tsun Blush|n|'Mmmm!♥ I-I won't lose to that!♥'",
                                      "|f|ChangeImageLayer|/|Expression|/|Incoherently Lewd|n|'Ohhh!♥ M-My brain feels like it's going to melt.♥",
                                      "|f|ChangeImageLayer|/|Expression|/|Incoherently Lewd|n|'KYAA!♥'",
                                      "|f|ChangeImageLayer|/|Expression|/|Tsun Blush|n|'Ahhh!♥ G-Getting whipped by a lowly human f-felt good?!'" ]
                        },
                        {
                          "lineTrigger": "HitWith",
                          "move": "Holy Headpat",
                          "theText": [ "|f|ChangeImageLayer|/|Expression|/|Flustered|n|'Wh-What do you think you're doing you foul human!?'",
                                    "|f|ChangeImageLayer|/|Expression|/|Flustered|n|'Th-This is humiliating... H-How dare you!'" ]
                        },
                        {
                          "lineTrigger": "HitWith",
                          "move": ["Bondage Net", "Magical Binding"],
                          "theText": [ "|f|ChangeImageLayer|/|Expression|/|Tsun Blush|n|'Make the ropes tighter!♥ Ah! I... uhm... I-I mean, untie me you h-horrid human!'",
                                      "|f|ChangeImageLayer|/|Expression|/|Shock Blush|n|'Kya?! Ah...♥ I-I won't lose to some meager human restraints!'",
                                      "|f|ChangeImageLayer|/|Expression|/|Shock Blush|n|'H-How dare you!'"]
                        },
                        {
                          "lineTrigger": "HitWith",
                          "move": "Pin",
                          "theText": [ "|f|ChangeImageLayer|/|Expression|/|Tsun Blush|n|'Y-You're planning to ravish me aren't you?'",
                                      "|f|ChangeImageLayer|/|Expression|/|Shock Blush|n|'Kya?! Ah...♥ I-I won't lose to you, e-even if you start relentlessly fucking me while you have me pinned down!'",
                                      "|f|ChangeImageLayer|/|Expression|/|Flustered|n|'Y-You're- Um- Oh- wow, really strong...♥ F-For a human...'"]
                        },
                        {
                          "lineTrigger": "HitWith",
                          "move": ["Lewd Bottle", "Cloying Mist", "Placebo Pheromone"],
                          "theText": [ "|f|ChangeImageLayer|/|Expression|/|Lewd|n|'Ah?♥ It's getting so hard to think...♥'",
                                      "|f|ChangeImageLayer|/|Expression|/|Lewd|n|'Ahhh... Please hurry and make me pregnant!♥'"]
                        },
                        {
                            "lineTrigger": "HitWith",
                            "move": "Electrify",
                            "theText": [ "|f|ChangeImageLayer|/|Expression|/|Lustful|n|'A-Are you trying to b-break me?!♥'",
                                        "|f|ChangeImageLayer|/|Expression|/|Lustful|n|'I-I can't th-think!♥'",
                                        "|f|ChangeImageLayer|/|Expression|/|Tsun Blush|n|'I-I won't lose to h-human magic!♥'"]
                        },
                        {
                          "lineTrigger": "HitWith",
                          "move": "Finger",
                          "theText": [ "|f|ChangeImageLayer|/|Expression|/|Smug Blush|n|'Y-You're rather good at this, darling...♥'",
                                      "|f|ChangeImageLayer|/|Expression|/|Smug Blush|n|'I-I'm ready for you, you know...'",
                                      "|f|ChangeImageLayer|/|Expression|/|Lustful|n|'Mmmnnnn.♥"]
                        },
                        {
                          "lineTrigger": "HitWith",
                          "move": "Dildo",
                          "theText": [ "|f|ChangeImageLayer|/|Expression|/|Flustered|n|'W-Wait! D-Don't! I-I won't be able to get pregnant from this!'",
                                      "|f|ChangeImageLayer|/|Expression|/|Tsun Blush|n|'Th-This kind of thing won't w-work on a proud elf like me!♥'",
                                      "|f|ChangeImageLayer|/|Expression|/|Tsun Blush|n|'I-I won't lose to this!♥'"]
                        },
                        {
                          "lineTrigger": "HitWith",
                          "move": "Grope Ass",
                          "theText": [ "|f|ChangeImageLayer|/|Expression|/|Smug Blush|n|'Has my perfect elven body captivated you?",
                                      "|f|ChangeImageLayer|/|Expression|/|Smug Blush|n|'Do you like my ass, darling?♥'",
                                      "|f|ChangeImageLayer|/|Expression|/|Lustful|n|'Ahhhh...♥'",
                                      "|f|ChangeImageLayer|/|Expression|/|Smug Blush|n|'Far better than any human woman's ass, hmmmm?♥"]
                        },
                        {
                          "lineTrigger": "HitWith",
                          "move": ["Squeeze Ass", "Massage Ass", "Fondle Ass"],
                          "theText": [ "|f|ChangeImageLayer|/|Expression|/|Lustful|n|'Th-This feels far too good...♥'",
                                      "|f|ChangeImageLayer|/|Expression|/|Lustful|n|'You're planning to fuck me senseless aren't you?♥'",
                                      "|f|ChangeImageLayer|/|Expression|/|Tsun Blush|n|'C-Can I cum from a human just fondling my butt?♥'",
                                      "|f|ChangeImageLayer|/|Expression|/|Lustful|n|'Mmmmm... yes...♥'"]
                        },
                        {
                          "lineTrigger": "HitWith",
                          "move": "Breast Caress",
                          "theText": [ "|f|ChangeImageLayer|/|Expression|/|Smug Blush|n|'Has my perfect elven body captivated you?",
                                      "|f|ChangeImageLayer|/|Expression|/|Smug Blush|n|'Do you like my breasts, darling?♥'",
                                      "|f|ChangeImageLayer|/|Expression|/|Lustful|n|'Ahhhh...♥'",
                                      "|f|ChangeImageLayer|/|Expression|/|Smug Blush|n|'Far better than any human woman's chest, hmmmm?♥"]
                        },
                        {
                          "lineTrigger": "HitWith",
                          "move": ["Breast Massage", "Breast Knead", "Breast Fondle"],
                          "theText": [ "|f|ChangeImageLayer|/|Expression|/|Lustful|n|'Ah♥ Oh,♥ yes!♥ Good human.♥'",
                                      "|f|ChangeImageLayer|/|Expression|/|Lustful|n|'Th-This is making me so wet...♥'",
                                      "|f|ChangeImageLayer|/|Expression|/|Tsun Blush|n|'C-Can I cum from just breast play?♥ W-With a human?♥'",
                                      "|f|ChangeImageLayer|/|Expression|/|Lustful|n|'Mmmmm...♥'"]
                        },
                        {
                          "lineTrigger": "HitWith",
                          "move": "Suckle",
                          "theText": [ "|f|ChangeImageLayer|/|Expression|/|Lustful|n|'Ah!♥ I-I'm not p-pregnant, so no milk is g-going to come out, b-but this feels so good!♥'",
                                      "|f|ChangeImageLayer|/|Expression|/|Lustful|n|'Hahhh...♥'",
                                      "|f|ChangeImageLayer|/|Expression|/|Lustful|n|'Y-You can suck a little harder, darling...♥'",
                                      "|f|ChangeImageLayer|/|Expression|/|Smug Blush|n|'A human servicing me like this... is rather cute.♥'"]
                        },
                        {
                            "lineTrigger": "HitWith",
                            "move": "Penetrate",
                            "theText": [ "|f|ChangeImageLayer|/|Expression|/|Lustful|n|'I-It's so big!'",
                                        "|f|ChangeImageLayer|/|Expression|/|Tsun Blush|n|'Y-You won't break me with that... thick... MMM♥ virile cock of yours...'",
                                        "|f|ChangeImageLayer|/|Expression|/|Lustful|n|'Y-You're going to impregnate me, right?'"]
                        },
                        {
                          "lineTrigger": "HitWith",
                          "move": ["Thrust", "Channeling Thrust"],
                          "theText": [ "|f|ChangeImageLayer|/|Expression|/|Lewd|n|'Yes! More!♥ Fuck me more!♥'",
                                      "|f|ChangeImageLayer|/|Expression|/|Lewd|n|'If I'm not careful, you're going to break me!♥'",
                                      "|f|ChangeImageLayer|/|Expression|/|Lewd|n|'I can't stop thinking about your cock!♥"]
                        },
                        {
                          "lineTrigger": "HitWith",
                          "move": ["Pound", "Multi Thrust", "Empowered Thrust", "Carrying Fuck"],
                          "theText": [ "|f|ChangeImageLayer|/|Expression|/|Incoherently Lewd|n|'AAAHH♥♥ This is too much!♥'",
                                      "|f|ChangeImageLayer|/|Expression|/|Incoherently Lewd|n|'I'm gonna break!♥ A human is going to break me!♥♥♥'",
                                      "|f|ChangeImageLayer|/|Expression|/|Incoherently Lewd|n|'More!♥ More!♥ Don't stop!♥'"]
                        },
                        {
                          "lineTrigger": "HitWith",
                          "move": ["Tantric Thrust", "Passionate Lovemaking"],
                          "theText": [
                                      "|f|ChangeImageLayer|/|Expression|/|Incoherently Lewd|n|'I-I can't stop thinking about your dick!♥",
                                      "|f|ChangeImageLayer|/|Expression|/|Incoherently Lewd|n|'Ahhhh!♥♥♥ Y-Yes, tease me moreee!♥♥♥'",
                                      "|f|ChangeImageLayer|/|Expression|/|Incoherently Lewd|n|'I'm gonna break...♥♥♥ A human is going to break me!♥♥♥'",
                                      "|f|ChangeImageLayer|/|Expression|/|Incoherently Lewd|n|'M-My body-♥ Is tingling all over-♥ I-I can't think straight...♥♥♥'"]
                        },
                        {
                            "lineTrigger": "HitWith",
                            "move": "Anal Penetration",
                            "theText": [ "|f|ChangeImageLayer|/|Expression|/|Flustered|n|'Ah?! W-Wait, that's not my pussy! Ahh!♥'",
                                        "|f|ChangeImageLayer|/|Expression|/|Flustered|n|'W-Wait! I can't get pregnant there! AAAHH!♥'"]
                        },
                        {
                          "lineTrigger": "HitWithA",
                          "move": ["Thrust", "Channeling Thrust"],
                          "theText": [ "|f|ChangeImageLayer|/|Expression|/|Lewd|n|'Yes! More!♥ This is so good!♥'",
                                      "|f|ChangeImageLayer|/|Expression|/|Lewd|n|'Anal isn't that bad...♥ You are going to impregnate me later, right?♥'",
                                      "|f|ChangeImageLayer|/|Expression|/|Lewd|n|'If I'm not careful, you're going to break me!♥'",
                                      "|f|ChangeImageLayer|/|Expression|/|Lewd|n|'I can't stop thinking about your cock!♥'"]
                        },
                        {
                          "lineTrigger": "HitWithA",
                          "move": ["Pound", "Multi Thrust", "Empowered Thrust", "Carrying Fuck", "Anal Piston"],
                          "theText": [ "|f|ChangeImageLayer|/|Expression|/|Incoherently Lewd|n|'AAAHH♥♥ This is too much!♥'",
                                      "|f|ChangeImageLayer|/|Expression|/|Incoherently Lewd|n|'My ass is breaking!♥ A human is going to break my ass!♥♥♥'",
                                      "|f|ChangeImageLayer|/|Expression|/|Incoherently Lewd|n|'More!♥ More!♥ Don't stop!♥'"]
                        },
                        {
                          "lineTrigger": "HitWithA",
                          "move": ["Tantric Thrust", "Passionate Lovemaking"],
                          "theText": [
                                      "|f|ChangeImageLayer|/|Expression|/|Incoherently Lewd|n|'I-I can't stop thinking about your dick!♥",
                                      "|f|ChangeImageLayer|/|Expression|/|Incoherently Lewd|n|'Ahhhh!♥♥♥ Y-Yes, tease me moreee!♥♥♥'",
                                      "|f|ChangeImageLayer|/|Expression|/|Incoherently Lewd|n|'I'm gonna break...♥♥♥ A human is going to break me!♥♥♥'",
                                      "|f|ChangeImageLayer|/|Expression|/|Incoherently Lewd|n|'M-My body-♥ Is tingling all over-♥ I-I can't think straight...♥♥♥'"]
                        },
                        {
                            "lineTrigger": "HitWith",
                            "move": "Ear Tease",
                            "theText": [ "|f|ChangeImageLayer|/|Expression|/|Lustful|n|'Ah! Wait, don't- Ahhhh!♥ P-Please♥ more,♥ tease my ears more!♥'",
                                        "|f|ChangeImageLayer|/|Expression|/|Lustful|n|'Ahhh!♥ D-Darling!♥ T-This is ch-cheating!♥'",
                                        "|f|ChangeImageLayer|/|Expression|/|Lustful|n|Her eyes cloud over slightly as she shivers in bliss.",
                                        "|f|ChangeImageLayer|/|Expression|/|Incoherently Lewd|n|'M-My brain feels like it's melting!♥'"]
                        },
                        {
                            "lineTrigger": "HitWith",
                            "move": "Face Fuck",
                            "theText": [ "|f|ChangeImageLayer|/|Expression|/|Lewd|n|'MMPH?!♥'",
                                        "|f|ChangeImageLayer|/|Expression|/|Ahegao|n|She looks up at you with a slutty expression, her face and ears flushed crimson. She's enjoying this a lot.",
                                        "|f|ChangeImageLayer|/|Expression|/|Lewd|n|She idly masturbates while her face gets plowed.",
                                      "|f|ChangeImageLayer|/|Expression|/|Lewd|n|'MMM♥ Yesh!♥'"]
                        },
                        {
                            "lineTrigger": "HitWith",
                            "move": "Make Out",
                            "theText": [ "|f|ChangeImageLayer|/|Expression|/|Flustered|n|'Ah! W-Wait! I need to mentally prepare myse- mmmhh...♥'",
                                        "|f|ChangeImageLayer|/|Expression|/|Tsun Blush|n|'T-This is kinda romantic...'"]
                        },
                        {
                          "lineTrigger": "HitWith",
                          "move": ["Charm", "Charm Wave"],
                          "theText": [ "|f|ChangeImageLayer|/|Expression|/|Tsun Blush|n|'Ahhh... Fuck me darling!♥ Please?'",
                                      "|f|ChangeImageLayer|/|Expression|/|Lewd|n|'Just looking at you makes me feel pregnant!♥'"]
                        },
                        {
                          "lineTrigger": "HitWith",
                          "move": "Sleep",
                          "theText": [ "|f|ChangeImageLayer|/|Expression|/|Tsun Blush|n|'W-What terrible things are you going to do to me once I fall asleep, darling?♥'"
                                      ]
                        },
                        {
                          "lineTrigger": "HitWith",
                          "move": ["Enfeeble", "Sensitize"],
                          "theText": [ "|f|ChangeImageLayer|/|Expression|/|Flustered|n|'Eek! E-Eh? Wait- Wh-What did you just do to me?'",
                                      "|f|ChangeImageLayer|/|Expression|/|Flustered|n|'S-Suddenly m-my legs feel so weak?'",
                                      "|f|ChangeImageLayer|/|Expression|/|Tsun Blush|n|'D-Don't think you have a chance because of a little magic...'"]
                        },
                        {
                          "lineTrigger": "HitWith",
                          "move": ["Disarming Appeal"],
                          "theText": [ "|f|ChangeImageLayer|/|Expression|/|Tsun Blush|n|'I guess if I let my guard down, I definitely won't be helpless against you should you try anything...♥'",
                                      "|f|ChangeImageLayer|/|Expression|/|Flustered|n|'Oh no, he's hot.",
                                      "|f|ChangeImageLayer|/|Expression|/|Tsun Blush|n|'Of course I can take it easy on a weak human like you, after all there's no way you could turn this around on me...'"]
                        },
                        {
                          "lineTrigger": "HitWith",
                          "move": ["Arouse", "Arousara", "Arousero"],
                          "theText": [ "|f|ChangeImageLayer|/|Expression|/|Tsun Blush|n|'C-Curse your human ma-magic-♥'",
                                      "|f|ChangeImageLayer|/|Expression|/|Lustful|n|Her hand drifts to her groin as she twitches in magically induced bliss.",
                                      "|f|ChangeImageLayer|/|Expression|/|Flustered|n|'D-Don't think your paltry human magic c-can do anything to me...♥'",
                                      "|f|ChangeImageLayer|/|Expression|/|Tsun Blush|n|'Th-This is nothing-♥'"]
                        },
                        {
                          "lineTrigger": "HitWith",
                          "move": ["Seduce", "Enamor", "Smoldering Seduction", "Smoldering Flaunt", "Massaging Seduction", "Mass Seduction"],
                          "theText": [ "|f|ChangeImageLayer|/|Expression|/|Lustful|n|'Y-You're going to do w-what to me?! Uhm... Y-Yes please!'",
                                      "|f|ChangeImageLayer|/|Expression|/|Lustful|n|Her hand drifts to her groin.",
                                      "|f|ChangeImageLayer|/|Expression|/|Lustful|n|Her face and ears flush bright red at your words.",
                                      "|f|ChangeImageLayer|/|Expression|/|Tsun Blush|n|'Y-Your words won't w-work on me, human!' Pussy juices are clearly leaking down her thighs."]
                        },
                        {
                          "lineTrigger": "HitWith",
                          "move": "Short Whip",
                          "theText": [ "|f|ChangeImageLayer|/|Expression|/|Flustered|n|'KYAA!'",
                                      "|f|ChangeImageLayer|/|Expression|/|Lustful|n|'A-Are you trying to b-break me?!♥'",
                                      "|f|ChangeImageLayer|/|Expression|/|Lustful|n|'That felt... nice?'"]
                        },
                        {
                          "lineTrigger": "HitWith",
                          "move": ["True Holy Water", "Holy Cross"],
                          "theText": [ "|f|ChangeImageLayer|/|Expression|/|Tsun Blush|n|'C-Curse your holy ma-magic-♥'",
                                      "|f|ChangeImageLayer|/|Expression|/|Lustful|n|Her hand drifts to her groin as she twitches in divine bliss.",
                                      "|f|ChangeImageLayer|/|Expression|/|Flustered|n|'D-Don't think your paltry holy magic c-can do anything to me...♥'",
                                      "|f|ChangeImageLayer|/|Expression|/|Tsun Blush|n|'Th-This is nothing-♥'"]
                        },
                        {
                          "lineTrigger": "HitWith",
                          "move": "Intimidate",
                          "theText": [ "|f|ChangeImageLayer|/|Expression|/|Lustful|n|'W-what are you going to do to me?! Uhm... Y-Yes please!'",
                                      "|f|ChangeImageLayer|/|Expression|/|Lustful|n|Her hand drifts to her groin.",
                                      "|f|ChangeImageLayer|/|Expression|/|Lustful|n|Her face and ears flush bright red at your words.",
                                      "|f|ChangeImageLayer|/|Expression|/|Tsun Blush|n|'Y-Your words won't w-work on me, human!' Pussy juices are clearly leaking down her thighs."]
                        },
                        {
                          "lineTrigger": "HitWith",
                          "move": "Holy Net",
                          "theText": [ "|f|ChangeImageLayer|/|Expression|/|Tsun Blush|n|'Make the ropes tighter!♥ Ah! I... uhm... I-I mean, untie me you h-horrid human!'",
                                      "|f|ChangeImageLayer|/|Expression|/|Shock Blush|n|'Kya?! Ah...♥ I-I won't lose to some meager human restraints!'",
                                      "|f|ChangeImageLayer|/|Expression|/|Shock Blush|n|'H-How dare you!'"]
                        },
                        {
                          "lineTrigger": "HitWith",
                          "move": ["Dart", "Holy Aura"],
                          "theText": [ "|f|ChangeImageLayer|/|Expression|/|Lewd|n|'Ah?♥ It's getting so hard to think...♥'",
                                      "|f|ChangeImageLayer|/|Expression|/|Lewd|n|'Ahhh... Please hurry and make me pregnant!♥'"]
                        },
                        {
                            "lineTrigger": "UsesMove",
                            "move": ["Ball Rub", "Nifkin Rub"],
                            "theText": [ "|f|ChangeImageLayer|/|Expression|/|Smug Blush|n|'His nifkin is twitching!'",
                                      "|f|ChangeImageLayer|/|Expression|/|Lustful|n|'This will make him cum, for sure!'",
                                      "|f|ChangeImageLayer|/|Expression|/|Lewd|n|'He's about to blow his load in you!'",
                                      "|f|ChangeImageLayer|/|Expression|/|Tsun Blush|n|'I know you'd rather be inside of me...'"]
                        },
                        {
                            "lineTrigger": "OnPlayerOrgasm",
                            "move": ["Ball Rub", "Nifkin Rub"],
                            "theText": [ "|f|ChangeImageLayer|/|Expression|/|Dominant|n|You moan as [AttackerName] squeezes a huge load of cum out of your balls. Your cock explodes inside her friend's exquisite pussy, filling her insides with thick semen. [AttackerName] keeps squeezing and massaging your balls and your perineum as your shaft convulses inside of her comrade, forcing it to keep pumping load after load deep inside her.|n|Crying out in ecstasy, her friend slams her hips into yours, and her tight love muscles constrict your dick like a hungry python, pressing your tip all the way against her womb.|n||f|PlayerOrgasm|/|1|n|You try to make yourself stop cumming, but the elves are utterly merciless as they milk your spasming cock and balls. Your hips involuntarily buck against those of the elf trapping your cock, and you cry out helplessly against the endless orgasm.|n|'Come on, knock up that little whore!'"
                              ]
                        },
                        {
                            "lineTrigger": "UsesMove",
                            "move": "Elven Kissing",
                            "theText": [ "|f|ChangeImageLayer|/|Expression|/|Lustful|n|'Chu. Smooch. Mmm.'",
                                        "|f|ChangeImageLayer|/|Expression|/|Lustful|n|'Mmmm, Hehehe.'",
                                        "|f|ChangeImageLayer|/|Expression|/|Lustful|n|'Mmmmwah.'"]
                        },
                        {
                            "lineTrigger": "UsesMove",
                            "move": "Elven Kiss",
                            "theText": [ "|f|ChangeImageLayer|/|Expression|/|Smug Blush|n|'I bet I can make you cum just by kissing you♥.'",
                                        "|f|ChangeImageLayer|/|Expression|/|Tsun Blush|n|'T-This is kinda romantic...'",
                                        "|f|ChangeImageLayer|/|Expression|/|Lustful|n|'Hahhh♥ I just want to kiss you all day.'"]
                        },
                        {
                            "lineTrigger": "UsesMove",
                            "move": "Kiss",
                            "theText": [ "|f|ChangeImageLayer|/|Expression|/|Tsun Blush|n|'I know you want to be inside me!'",
                                        "|f|ChangeImageLayer|/|Expression|/|Tsun Blush|n|'Stop resisting, my love!'",
                                        "|f|ChangeImageLayer|/|Expression|/|Tsun Blush|n|'I-I want you inside me!'",
                                        "|f|ChangeImageLayer|/|Expression|/|Flustered|n|'So, you wanna do it some more?'"]
                        },
                        {
                            "lineTrigger": "UsesMove",
                            "move": "Blowjob",
                            "theText": [ "|f|ChangeImageLayer|/|Expression|/|Lewd|n|'Ahhh, I just can't hold myself back any longer...♥'",
                                        "|f|ChangeImageLayer|/|Expression|/|Lewd|n|'I-I just need to see how thick your load will be.'",
                                        "|f|ChangeImageLayer|/|Expression|/|Lewd|n|'I can't believe I'm about to dirty my mouth with this... {i}incredible{/i} cock...♥'",
                                        "|f|ChangeImageLayer|/|Expression|/|Lewd|n|'Oh darling, I need to taste your cock!'"]
                        },
                        {
                            "lineTrigger": "UsesMove",
                            "move": "Vacuum Blowjob",
                            "theText": [ "|f|ChangeImageLayer|/|Expression|/|Lustful|n|'Haahhhh. So tasty.♥'",
                                        "|f|ChangeImageLayer|/|Expression|/|Lustful|n|'Haaa.' *Slurp* 'Mmmph, Mmm♥'",
                                        "|f|ChangeImageLayer|/|Expression|/|Lustful|n|*Suuuucck* 'Mmmphh♥'",
                                        "|f|ChangeImageLayer|/|Expression|/|Lustful|n|'Haaa... Haaa... I want more...♥'",
                                        "|f|ChangeImageLayer|/|Expression|/|Lustful|n|'Sho Biiggg.'",
                                        "|f|ChangeImageLayer|/|Expression|/|Lustful|n|'Mmmm, hehehe.'"]
                        },
                        {
                            "lineTrigger": "UsesMove",
                            "move": "Deepthroat",
                            "theText": [ "|f|ChangeImageLayer|/|Expression|/|Tsun Blush|n|'Mmmmm, I can't wait for you to breed me, a-after you're tamed.'",
                                    "|f|ChangeImageLayer|/|Expression|/|Lustful|n|'Mmph. Mmmmm. Haaaa. You're so thick.'",
                                    "|f|ChangeImageLayer|/|Expression|/|Lustful|n|'Haahhhh♥ So tasty.'",
                                    "|f|ChangeImageLayer|/|Expression|/|Lustful|n|'Haaa♥' *Slurp* 'Mmmph, Mmm.'",
                                    "|f|ChangeImageLayer|/|Expression|/|Lustful|n|'Mmmm♥' *Suck* 'Mmmphh.'"]
                        },
                        {
                            "lineTrigger": "UsesMove",
                            "move": "Double Blowjob",
                            "theText": [ "|f|ChangeImageLayer|/|Expression|/|Smug Blush|n|'Hey, he likes me more.'",
                                      "|f|ChangeImageLayer|/|Expression|/|Lustful|n|'Hahhhh, he smells so good.'",
                                      "|f|ChangeImageLayer|/|Expression|/|Lustful|n|'Haaa♥' *Slurp* 'Mmmph, Mmm.'",
                                      "|f|ChangeImageLayer|/|Expression|/|Smug Blush|n|'Can you handle a double blowjob?'"]
                        },
                        {
                            "lineTrigger": "UsesMove",
                            "move": "Magical Binding",
                            "theText": [ "'Don't struggle!'",
                                        "'If you give up, I promise to take good care of you.'",
                                        "'T-This is the elven way t-to court a man. W-We are not perverts!'"]
                        },
                        {
                            "lineTrigger": "UsesMove",
                            "move": "Grind",
                            "theText": [ "|f|ChangeImageLayer|/|Expression|/|Lustful|n|'Hey, fill me up!'",
                                        "|f|ChangeImageLayer|/|Expression|/|Lewd|n|'Yes! More! Fuck me more!'",
                                        "|f|ChangeImageLayer|/|Expression|/|Lustful|n|'Ahhh, so good!'"]
                        },
                        {
                            "lineTrigger": "UsesMove",
                            "move": "Tighten",
                            "theText": [ "|f|ChangeImageLayer|/|Expression|/|Lewd|n|'Knock me up please!♥'",
                                        "|f|ChangeImageLayer|/|Expression|/|Lustful|n|'Fuck me!♥ Fuck me!♥ Ah! W-Wait! H-Hey, m-maybe we should s-slow down.'",
                                        "|f|ChangeImageLayer|/|Expression|/|Lustful|n|'You fit so perfectly in me.'"]
                        },
                        {
                            "lineTrigger": "usesMoveA",
                            "move": "Grind",
                            "theText": [ "|f|ChangeImageLayer|/|Expression|/|Smug Blush|n|'A-After this, you're going to fuck me until I'm pregnant.♥'",
                                        "|f|ChangeImageLayer|/|Expression|/|Lustful|n|'Yes! More! Fuck me more!'",
                                        "|f|ChangeImageLayer|/|Expression|/|Lustful|n|'Ahhh, so good!'"]
                        },
                        {
                            "lineTrigger": "usesMoveA",
                            "move": "Tighten",
                            "theText": [ "|f|ChangeImageLayer|/|Expression|/|Lustful|n|'Your cock feels so big inside my ass!♥'",
                                        "|f|ChangeImageLayer|/|Expression|/|Lustful|n|'Fuck me!♥ Fuck me!♥ Ah! W-Wait! H-Hey, m-maybe we should s-slow down.'",
                                        "|f|ChangeImageLayer|/|Expression|/|Lewd|n|'I can't get enough of this!♥'"]
                        },
                        {
                            "lineTrigger": "LowHealth",
                            "move": "",
                            "theText": [ "|f|ChangeImageLayer|/|Expression|/|Lustful|n|'T-To think a human could make me feel so good...'",
                              "|f|ChangeImageLayer|/|Expression|/|Tsun Blush|n|'I-I am n-not about to o-orgasm!'",
                              "|f|ChangeImageLayer|/|Expression|/|Flustered|n|'A-At least get me pregnant first!'"]
                        },
                        {
                            "lineTrigger": "PlayerLowHealth",
                            "move": "",
                            "theText": [ "|f|ChangeImageLayer|/|Expression|/|Dominant|n|'You're about to spurt your load, aren't you?'",
                                      "|f|ChangeImageLayer|/|Expression|/|Smug Blush|n|'You better be as virile is I hope you are.'",
                                      "|f|ChangeImageLayer|/|Expression|/|Smug Blush|n|'Yes! Give me your cum!'"]
                        },
                        {
                            "lineTrigger": "OnPlayerOrgasm",
                            "move": "Sex",
                            "theText": [ "|f|ChangeImageLayer|/|Expression|/|Lewd|n|You moan as the elf's exquisite pussy strokes your throbbing shaft, her hips quickly moving in a frenzy as if eager to be filled with your thick semen. The waves of pleasure hitting your groin quickly overwhelm you, and as your semen is pumped into the elf's womb you both cry out in ecstasy.|n|'Ahhhh!♥ F-Feeling you cum inside me... Was incredible.♥'",
                                        "|f|ChangeImageLayer|/|Expression|/|Smug Blush|n|The elf rides your shaft with a lewd grin, licking her lips as your cock throbs inside of her as if greatly anticipating your thick load.|n|Her elven pussy clamps down tightly as she slams her hips down onto your manhood, sending ripples of orgasmic pleasure through your body, forcing you to fill the horny elf with your cum.|n|'More!♥ I'm not satisfied yet!'",
                                        "|f|ChangeImageLayer|/|Expression|/|Smug Blush|n|The elf's pussy tightens like a silken vice as she gyrates her hips on your aching rod.|n|Your balls twitch with pleasurable need as an intense pressure builds in your groin, and the elf grins lewdly and gives you a wink as she raises her hips and slams them back down onto your rigid cock, sending orgasmic tingles of pleasure across your body as you cum, releasing all your pent up lust and semen into her waiting womb.",
                                        "|f|ChangeImageLayer|/|Expression|/|Smug Blush|n|Much to the elf's delight, as you get to the edge of orgasm you find yourself overwhelmed with lust and thrust into the elf's tight pussy, trying your best to cum and pump the elven slut full of your thick jizz.|n|With one last thrust into her exquisite orifice, you cry out in ecstasy and spurt load after load directly into her fertile womb.|n|'Mnnn,♥ Yes!♥ Keep going human!♥ Make sure I'm fertilized with your seed!♥'"
                                      ]
                        },
                        {
                            "lineTrigger": "OnPlayerOrgasm",
                            "move": "Anal",
                            "theText": [ "|f|ChangeImageLayer|/|Expression|/|Lewd|n|You moan as the elf's tight ass strokes your throbbing shaft, her hips quickly start to move in a lustful frenzy. The waves of pleasure hitting your groin quickly overwhelm you, and as your semen is pumped into the elf's rear you both cry out in ecstasy.|n|'Ahhhh!♥ F-Feeling you cum inside my ass... Was incredible.♥'",
                                        "|f|ChangeImageLayer|/|Expression|/|Smug Blush|n|The elf rides your shaft with a lewd grin, licking her lips as your cock throbs inside of her as if greatly anticipating your thick load.|n|Her elven rear clamps down tightly as she slams her hips down onto your manhood, sending ripples of orgasmic pleasure through your body, forcing you to fill the horny elf with your cum.|n|'More!♥ I'm not satisfied yet!'",
                                        "|f|ChangeImageLayer|/|Expression|/|Smug Blush|n|The elf's ass tightens like a silken vice as she gyrates her hips on your aching rod.|n|Your balls twitch with pleasurable need as an intense pressure builds in your groin, and the elf grins lewdly and gives you a wink as she raises her hips and slams them back down onto your rigid cock, sending orgasmic tingles of pleasure across your body as you cum, releasing all your pent up lust and semen into her exquisite rear.",
                                        "|f|ChangeImageLayer|/|Expression|/|Smug Blush|n|Much to the elf's delight, as you get to the edge of orgasm you find yourself overwhelmed with lust and thrust into the elf's tight rear, trying your best to cum and pump the elven slut full of your thick jizz.|n|With one last thrust into her greedy orifice, you cry out in ecstasy and spurt load after load directly into her tight ass.|n|'Mnnn,♥ well, I'm not going to get pregnant from this... But it feels so good!♥"
                                      ]
                        },
                        {
                            "lineTrigger": "OnPlayerOrgasm",
                            "move": "Blowjob",
                            "theText": [ "|f|ChangeImageLayer|/|Expression|/|Lustful|n|You grit your teeth, trying to stop your imminent orgasm as the elf continues to suck on your rigid cock. With one final suck, your resistance crumbles as you unload semen into her waiting mouth. The elf gently gulps down all of your seed with a slutty look on her face.",
                                        "|f|ChangeImageLayer|/|Expression|/|Lustful|n|Your shaft throbs as her oral assault on you continues, and as she pulls her wet mouth off of your cock with a satisfying pop. You cum, spraying semen all over her lewd face as she tries to catch some in her mouth."
                                      ]
                        },
                        {
                            "lineTrigger": "OnPlayerOrgasm",
                            "move": "",
                            "theText": [ "|f|ChangeImageLayer|/|Expression|/|Smug Blush|n|Unable to hold back any longer, your shaft throbs as you shoot your load, the elf squealing in delight. 'Look at all that thick seed!♥'",
                                        "|f|ChangeImageLayer|/|Expression|/|Smug Blush|n|'That's it human!♥ Don't hold back!♥' You can't take any more of the pleasant sensations racing through your body and you cum, the horny elf looking delighted as you orgasm."
                                      ]
                        },
                        {
                            "lineTrigger": "OnOrgasm",
                            "move": "Sex",
                            "theText": [ "|f|ChangeImageLayer|/|Expression|/|Ahegao|n|'O-Oh!♥ Yes!♥ Human cock is the BESSSTTT!♥'",
                                        "|f|ChangeImageLayer|/|Expression|/|Ahegao|n|'This cock♥ is too♥ stronNNGGG!♥♥♥'"
                                      ]
                        },
                        {
                            "lineTrigger": "OnOrgasm",
                            "move": "",
                            "theText": [ "|f|ChangeImageLayer|/|Expression|/|Incoherently Lewd|n|'Ah!♥ Oh no!♥ A-A human i-is going t-to make me cuuUUMMMM!♥'",
                                        "|f|ChangeImageLayer|/|Expression|/|Incoherently Lewd|n|'I-I can't hold out anymore! AAAHH!♥'"
                                      ]
                        },
                        {
                            "lineTrigger": "OnSurrender",
                            "move": "",
                            "theText": [ "|f|ChangeImageLayer|/|Expression|/|Flustered|n|'Y-You're going to let me be your slut? I-I MEAN WIFE!'",
                                        "|f|ChangeImageLayer|/|Expression|/|Dominant|n|'Well at least you know your place, human.♥'",
                                        "|f|ChangeImageLayer|/|Expression|/|Smug Blush|n|'You won't regret this, human!'"]
                        },
                        {
                            "lineTrigger": "StanceStruggle",
                            "move": "Sex",
                            "theText": [ "[ThePlayerName] tries to pull out of the [AttackerName]'s tight pussy..."]
                        },
                        {
                            "lineTrigger": "StanceStruggleFail",
                            "move": "Sex",
                            "theText": [ "But the elf tightly locks her legs around your waist, preventing you from pulling out!",
                                        "But the elf desperately clings to your chest as she rides your shaft!",
                                        "But with surprising force, the elf slams her hips back into yours!",
                                        "But as you grab her hips to pull out, she looks at you with needy eyes, and you are overcome with the urge to continue fucking her."]
                        },
                        {
                            "lineTrigger": "StanceStruggleComment",
                            "move": "Sex",
                            "theText": [ "",
                                        "|f|ChangeImageLayer|/|Expression|/|Smug Blush|n|'You're not going anywhere until you get me pregnant!♥'",
                                        "|f|ChangeImageLayer|/|Expression|/|Lewd|n|'Fuck me!♥'",
                                        "|f|ChangeImageLayer|/|Expression|/|Smug Blush|n|'I'm going to make you all mine!♥'",
                                        "|f|ChangeImageLayer|/|Expression|/|Lewd|n|'Your cock is the best!♥'",
                                        "|f|ChangeImageLayer|/|Expression|/|Flustered|n|'Stop struggling and I will be your personal elven cock sleeve!♥ ...I-I mean wife!'"]
                        },
                        {
                            "lineTrigger": "StanceStruggleFree",
                            "move": "Sex",
                            "theText": [ "And manage to pull your cock out of her tight elven slit!"]
                        },
                        {
                            "lineTrigger": "StanceStruggleFreeComment",
                            "move": "Sex",
                            "theText": [ "|f|ChangeImageLayer|/|Expression|/|Lustful|n|'Ah?! W-Why did you stop?!'",
                                      "|f|ChangeImageLayer|/|Expression|/|Lustful|n|'Ahhh...♥ I can't keep my mind off that big cock of yours!♥'",
                                      "|f|ChangeImageLayer|/|Expression|/|Lustful|n|'...Ah-Uhm... I mean... Thank you for... Uhm... Stopping me... But... We can't just leave your cock so pent up.♥'",
                                      "|f|ChangeImageLayer|/|Expression|/|Dominant|n|'Ehehe,♥ was my elven pussy too much for you, human?'",
                                      "|f|ChangeImageLayer|/|Expression|/|Lustful|n|'Put it back in!'",
                                      ""]
                        },
                        {
                            "lineTrigger": "StanceStruggle",
                            "move": "Anal",
                            "theText": [ "[ThePlayerName] tries to pull out of the [AttackerName]'s tight ass..."]
                        },
                        {
                            "lineTrigger": "StanceStruggleFail",
                            "move": "Anal",
                            "theText": [ "But the elf tightly locks her legs around your waist, preventing you from pulling out!",
                                        "But the elf desperately clings to your chest as she rides your shaft!",
                                        "But with surprising force, the elf slams her hips back into yours!",
                                        "But as you grab her hips to pull out, she looks at you with needy eyes, and you are overcome with the urge to continue fucking her."]
                        },
                        {
                            "lineTrigger": "StanceStruggleComment",
                            "move": "Anal",
                            "theText": [ "",
                                        "|f|ChangeImageLayer|/|Expression|/|Lustful|n|'Fuck me!♥'",
                                        "|f|ChangeImageLayer|/|Expression|/|Smug Blush|n|'I'm going to make you all mine!♥",
                                        "|f|ChangeImageLayer|/|Expression|/|Lustful|n|'Your cock is the best!♥'",
                                        "|f|ChangeImageLayer|/|Expression|/|Flustered|n|'Stop struggling and I will be your personal elven cock sleeve!♥ ...I-I mean wife!'"]
                        },
                        {
                            "lineTrigger": "StanceStruggleFree",
                            "move": "Anal",
                            "theText": [ "And manage to pull your cock out of her tight elven rear!"]
                        },
                        {
                            "lineTrigger": "StanceStruggleFreeComment",
                            "move": "Anal",
                            "theText": [ "|f|ChangeImageLayer|/|Expression|/|Lustful|n|'Ah?! W-Why did you stop?!'",
                                      "|f|ChangeImageLayer|/|Expression|/|Lustful|n|'Ahhh...♥ I can't keep my mind off that big cock of yours!♥'",
                                      "|f|ChangeImageLayer|/|Expression|/|Lustful|n|'...Ah-Uhm... I mean... Thank you for... Uhm... Stopping me... But... We can't just leave your cock so pent up.♥'",
                                      ""]
                        },
                        {
                            "lineTrigger": "StanceStruggle",
                            "move": "Blowjob",
                            "theText": [ "[ThePlayerName] tries to push the [AttackerName]'s mouth away from [TargetHisOrHer] rigid shaft..."]
                        },
                        {
                            "lineTrigger": "StanceStruggleFail",
                            "move": "Blowjob",
                            "theText": [ "But as she takes your cock's full length into her mouth, you let out a gasp and can't bring yourself to push her away!",
                                        "But as you grab her head to push her away, she lovingly nuzzles into your shaft and looks up at you with pleading eyes, and your heart throbs as you decide a little longer can't hurt...",
                                        "But the elf deftly moves in and starts to lick and suck on your balls, and as she looks up at you submissively, you find yourself stroking her hair instead of pushing her away!"]
                        },
                        {
                            "lineTrigger": "StanceStruggleComment",
                            "move": "Blowjob",
                            "theText": [ "|f|ChangeImageLayer|/|Expression|/|Lustful|n|The elf looks up looks up at you with lust in her eyes as she continues to suck and lick your shaft.",
                    "|f|ChangeImageLayer|/|Expression|/|Lustful|n|She briefly takes her mouth off your cock to nuzzle lovingly against manhood before resuming her oral assault.",
                    ""]
                        },
                        {
                            "lineTrigger": "StanceStruggleFree",
                            "move": "Blowjob",
                            "theText": [ "And manage to get her wet mouth away from your cock!",
                                      "And you grab the elf's long ears in an effort to push her away, causing her to gasp in pleasure and stop her oral assault long enough for you to pull away."]
                        },
                        {
                            "lineTrigger": "StanceStruggleFreeComment",
                            "move": "Blowjob",
                            "theText": [ "|f|ChangeImageLayer|/|Expression|/|Lustful|n|'Ah?! I just wanted to taste your cum...♥'",
                                      "|f|ChangeImageLayer|/|Expression|/|Lustful|n|'Ahhh...♥ I can't keep my mind off that big cock of yours!♥'",
                                      "|f|ChangeImageLayer|/|Expression|/|Lustful|n|'...Ah-Uhm... I mean... Thank you for... Uhm... Stopping me... But... We can't just leave your cock so pent up.♥'",
                                      "|f|ChangeImageLayer|/|Expression|/|Dominant|n|'Ehehe,♥ was my elven mouth too much for you, darling?'",
                                      ""]
                        },
                        {
                            "lineTrigger": "StanceStruggle",
                            "move": "Making Out",
                            "theText": [ "[ThePlayerName] tries to break the deep kiss with the elf..."]
                        },
                        {
                            "lineTrigger": "StanceStruggleFail",
                            "move": "Making Out",
                            "theText": [ "|f|ChangeImageLayer|/|Expression|/|Lustful|n|But she keeps a tight hold on [ThePlayerName], and he stays locked in a deep, loving kiss!",
                                        "|f|ChangeImageLayer|/|Expression|/|Lustful|n|But as you start to push her away she wraps an arm around the back of your head, deepening the kiss while she gazes lustfully into your eyes."]
                        },
                        {
                            "lineTrigger": "StanceStruggleComment",
                            "move": "Making Out",
                            "theText": [ "",
                                      "",
                                        "|f|ChangeImageLayer|/|Expression|/|Smug Blush|n|'Mn!♥ W-We're not done making out yet!♥'",
                                        "|f|ChangeImageLayer|/|Expression|/|Smug Blush|n|'I'm not letting you go that easily, darling!♥'",
                                        "|f|ChangeImageLayer|/|Expression|/|Lustful|n|'Kiss me just a little longer!♥'"]
                        },
                        {
                            "lineTrigger": "StanceStruggleFree",
                            "move": "Making Out",
                            "theText": [ "And manage to push the kiss needy elf away!",
                                      "And free your mouth from the elf's soft lips!"]
                        },
                        {
                            "lineTrigger": "StanceStruggleFreeComment",
                            "move": "Making Out",
                            "theText": [ "|f|ChangeImageLayer|/|Expression|/|Flustered|n|'Eh?! Y-You don't want to kiss me?!'",
                                      "|f|ChangeImageLayer|/|Expression|/|Base|n|'Ah? Hmph, I guess I'll have to teach you how to enjoy elven kisses, then.'",
                                      "|f|ChangeImageLayer|/|Expression|/|Flustered|n|'A-Ah... T-That WAS getting a bit intense, wasn't it...?'"]
                        }

                      ],
  "victoryScenes": [
            {
                "NameOfScene": "",
                "move": "",
                "stance": "",
                "includes": [ ""],
                "theScene": [ ""
                          ],
                "picture": ""
            }
        ],
        "pictures": [
                      {
                          "Name": "Expression",
                          "StartOn": "1",
                          "AlwaysOn": "1",
                          "IsScene": "0",
                          "TheBody": "1",
                          "Overlay": "No",
                          "setXalign": "0.0",
                          "setYalign": "0.22",
                          "Images": [
                            {
                                "Name": "Base",
                                "File": "Monsters/Elf/Elf_Base.png",
                                "setXalign": "0.0",
                                "setYalign": "0.0"
                            },
                            {
                                "Name": "Lustful",
                                "File": "Monsters/Elf/Elf_Lustful.png",
                                "setXalign": "0.0",
                                "setYalign": "0.0"
                            },
                            {
                                "Name": "Lewd",
                                "File": "Monsters/Elf/Elf_Lewd.png",
                                "setXalign": "0.0",
                                "setYalign": "0.0"
                            },
                            {
                                "Name": "Incoherently Lewd",
                                "File": "Monsters/Elf/Elf_Incoherently_Lewd.png",
                                "setXalign": "0.0",
                                "setYalign": "0.0"
                            },
                            {
                                "Name": "Ahegao",
                                "File": "Monsters/Elf/Elf_Ahegao.png",
                                "setXalign": "0.0",
                                "setYalign": "0.0"
                            },
                            {
                                "Name": "Shock",
                                "File": "Monsters/Elf/Elf_Shock.png",
                                "setXalign": "0.0",
                                "setYalign": "0.0"
                            },
                            {
                                "Name": "Shock Blush",
                                "File": "Monsters/Elf/Elf_Shock_Blush.png",
                                "setXalign": "0.0",
                                "setYalign": "0.0"
                            },
                            {
                                "Name": "Flustered",
                                "File": "Monsters/Elf/Elf_Flustered.png",
                                "setXalign": "0.0",
                                "setYalign": "0.0"
                            },
                            {
                                "Name": "Smug",
                                "File": "Monsters/Elf/Elf_Smug.png",
                                "setXalign": "0.0",
                                "setYalign": "0.0"
                            },
                            {
                                "Name": "Smug Blush",
                                "File": "Monsters/Elf/Elf_Smug_Blush.png",
                                "setXalign": "0.0",
                                "setYalign": "0.0"
                            },
                            {
                                "Name": "Extra Smug",
                                "File": "Monsters/Elf/Elf_Extra_Smug.png",
                                "setXalign": "0.0",
                                "setYalign": "0.0"
                            },
                            {
                                "Name": "Dominant",
                                "File": "Monsters/Elf/Elf_Dominant.png",
                                "setXalign": "0.0",
                                "setYalign": "0.0"
                            },
                            {
                                "Name": "Tsun",
                                "File": "Monsters/Elf/Elf_Tsun.png",
                                "setXalign": "0.0",
                                "setYalign": "0.0"
                            },
                            {
                                "Name": "Tsun Blush",
                                "File": "Monsters/Elf/Elf_Tsun_Blush.png",
                                "setXalign": "0.0",
                                "setYalign": "0.0"
                            },
                            {
                                "Name": "Angry",
                                "File": "Monsters/Elf/Elf_Angry.png",
                                "setXalign": "0.0",
                                "setYalign": "0.0"
                            }

                        ]
                      }
                    ]
}
