{
    "name": "Kyra",
    "IDname": "Kyra",
    "Addition": "Yes",
    "skillList": [ ""],
    "perks": [ ""],
    "ItemDropList": [
    ],
    "lossScenes": [
    ],
    "combatDialogue": [
                        {
                          "lineTrigger": "HitWith",
                          "move": "Short Whip",
                          "theText": [ "|f|ChangeImageLayer|/|Expression|/|Yelling|n|'I hardly felt that!'",
                                      "|f|ChangeImageLayer|/|Expression|/|Yelling|n|'Hah! That all you got?'",
                                      "|f|ChangeImageLayer|/|Expression|/|Hmph|n|'Hm, maybe I should get a whip...'"]
                        },
                        {
                            "lineTrigger": "HitWith",
                            "move": "True Holy Water",
                            "theText": [ "|f|ChangeImageLayer|/|Expression|/|Yelling|n|'Tch, do you really think you can beat me with that?!'",
                                        "|f|ChangeImageLayer|/|Expression|/|Angry|n|'Damn, that is annoying!'",
                                        "|f|ChangeImageLayer|/|Expression|/|Angry|n|'Ha, is this supposed to hurt me or something?! E-Eh? N-No, it doesn't feel good either!'"]
                        },
                        {
                          "lineTrigger": "HitWith",
                          "move": "Intimidate",
                          "theText": [ "|f|ChangeImageLayer|/|Expression|/|Submissive|n|'D-Don't say stuff like that you idiot...'",
                                      "|f|ChangeImageLayer|/|Expression|/|Submissive|n|'Ye-Yeah well, I'm gonna... g-gonna...'",
                                      "|f|ChangeImageLayer|/|Expression|/|Submissive|n|'I-I won't l-lower my guard...'"]
                        },
                        {
                          "lineTrigger": "HitWith",
                          "move": "Holy Net",
                          "theText": [ "|f|ChangeImageLayer|/|Expression|/|Yelling|n|'Ha, I'll get free of this in no time!'",
                                      "|f|ChangeImageLayer|/|Expression|/|Yelling|n|'Can't handle me if I can move or something?!'",
                                      "|f|ChangeImageLayer|/|Expression|/|Yelling|n|'Do you really think this can hold me?!'"]
                        },
                        {
                          "lineTrigger": "HitWith",
                          "move": ["Lewd Bottle", "Cloying Mist", "Placebo Pheromone"],
                          "theText": [ "|f|ChangeImageLayer|/|Expression|/|Bashful|n|'Kya?! A-Ah? M-My body is getting hot...'",
                                      "|f|ChangeImageLayer|/|Expression|/|Lewd|n|Her face quickly becomes flush as she starts panting with lust."]
                        }
        ],
        "victoryScenes": [
        ],
        "pictures": [
        ]
}
