{
    "name": "Perpetua",
    "IDname": "Perpetua",
    "Addition": "Yes",
    "skillList": [ ""],
    "perks": [ ""],
    "skillList": [ ""],
    "perks": [ ""],
    "ItemDropList": [
    ],
    "lossScenes": [
    ],
    "combatDialogue": [
                        {
                            "lineTrigger": "HitWith",
                            "move": "Short Whip",
                            "theText": [ "|f|ChangeImageLayer|/|Expression|/|Losing|n|'D-Don't you know slimes a-are immune to f-force?' It looks like she really likes this.",
                                        "|f|ChangeImageLayer|/|Expression|/|Losing|n|She lets out a few happy whimpers.",
                                        "|f|ChangeImageLayer|/|Expression|/|Losing|n|'I-I didn't f-feel that.' Her pleased expression says otherwise."]
                        },
                        {
                          "lineTrigger": "HitWith",
                          "move": "Demon Layer",
                          "theText": [ "|f|ChangeImageLayer|/|Expression|/|Losing|n|She lets out a few happy whimpers.",
                                      "|f|ChangeImageLayer|/|Expression|/|Base|n|'Huh... I was expecting a whip to feel better than that... N-Not that a slime would be affected!'",
                                      "|f|ChangeImageLayer|/|Expression|/|Losing|n|'I-I didn't f-feel that.' Her pleased expression says otherwise.",
                                      "|f|ChangeImageLayer|/|Expression|/|Losing|n|'I-Is that all you've got?!'",
                                      "|f|ChangeImageLayer|/|Expression|/|Losing|n|Her whole body jiggles in response to the strike of Demon Layer, while she moans from the holy magic."]
                        },
                        {
                            "lineTrigger": "HitWith",
                            "move": "Dart",
                            "theText": [ "|f|ChangeImageLayer|/|Expression|/|Panic|n|'Kya?! W-What did you just make me eat?! Ohhh... Y-You pervert!'",
                                        "|f|ChangeImageLayer|/|Expression|/|Losing|n|'Ahhh,♥ w-what is that stuff?!'",
                                        "|f|ChangeImageLayer|/|Expression|/|Panic|n|'D-Did you just drug me!? I'm supposed to be the villain here!'"]
                        },
                        {
                            "lineTrigger": "HitWith",
                            "move": "Intimidate",
                            "theText": [ "|f|ChangeImageLayer|/|Expression|/|Losing|n|'C-Cut that out, we're supposed to be fighting!'",
                                        "|f|ChangeImageLayer|/|Expression|/|Losing|n|'Y-Your flattery wont work on me, n-not in the slightest.'",
                                        "|f|ChangeImageLayer|/|Expression|/|Losing|n|'Ah- Well, I'm gonna... er... ah...'"]
                        }
                      ],
  "victoryScenes": [
        ],
        "pictures": [
        ]
}
