{
    "name": "Succubus Trisha",
    "IDname": "Succubus Trisha",
    "Addition": "Yes",
    "skillList": [ ""],
    "perks": [ ""],
    "skillList": [ ""],
    "perks": [ ""],
    "ItemDropList": [
    ],
    "lossScenes": [
    ],
    "combatDialogue": [
                        {
                            "lineTrigger": "HitWith",
                            "move": "Short Whip",
                            "theText": [ "|f|ChangeImageLayer|/|Expression|/|Disgust|n||f|ChangeImageLayer|/|FaceEffect|/|SweatDrop|n|'Th-That is not how you treat a lady!'",
                                        "|f|ChangeImageLayer|/|Expression|/|Disgust|n||f|ChangeImageLayer|/|FaceEffect|/|SweatDrop|n|'H-Hey! That really hurts!'",
                                        "|f|ChangeImageLayer|/|Expression|/|Shy|n||f|ChangeImageLayer|/|FaceEffect|/|Base|n|'AH! How would you like it if I was whipping you?! While tied up... Hm...'"]
                        },
                        {
                          "lineTrigger": "HitWith",
                          "move": ["Holy Cross", "True Holy Water"],
                          "theText": [ "|f|ChangeImageLayer|/|Expression|/|Pout|n||f|ChangeImageLayer|/|FaceEffect|/|BlushSweat|n|'Kyaaaa!!!♥♥♥ A-Ah!♥ H-Hey! Th-That's not fair!",
                                      "|f|ChangeImageLayer|/|Expression|/|Nervous|n||f|ChangeImageLayer|/|FaceEffect|/|BlushSweat|n|'Ohhh!♥♥♥ W-Wouldn't you rather put that down and let me, uh, service you?♥'",
                                      "|f|ChangeImageLayer|/|Expression|/|Pout|n||f|ChangeImageLayer|/|FaceEffect|/|BlushSweat|n|'AAHHH!♥♥♥ D-Dumb, holy magic...'",
                                      "|f|ChangeImageLayer|/|Expression|/|Nervous|n||f|ChangeImageLayer|/|FaceEffect|/|BlushSweat|n|'Eeek!♥'",
                                      "|f|ChangeImageLayer|/|Expression|/|Lewd|n||f|ChangeImageLayer|/|FaceEffect|/|Base|n|'MMMMM!♥'",
                                      "|f|ChangeImageLayer|/|Expression|/|Lewd|n||f|ChangeImageLayer|/|FaceEffect|/|Base|n|'Ohhh!♥♥♥'"]
                        },
                        {
                          "lineTrigger": "HitWith",
                          "move": ["Intimidate", "Holy Aura"],
                          "theText": [ "|f|ChangeImageLayer|/|Expression|/|Shy|n||f|ChangeImageLayer|/|FaceEffect|/|Blush|n|'Y-You know, you could just stay here with me...'",
                                      "|f|ChangeImageLayer|/|Expression|/|LovingSmile|n||f|ChangeImageLayer|/|FaceEffect|/|Blush|n|'Now I'm {i}really{/i} hungry...",
                                      "|f|ChangeImageLayer|/|Expression|/|Shy|n||f|ChangeImageLayer|/|FaceEffect|/|Blush|n|'Uhm... ah...'"]
                        },

                        {
                          "lineTrigger": "HitWith",
                          "move": ["Bondage Net", "Magical Binding"],
                          "theText": [ "|f|ChangeImageLayer|/|Expression|/|Nervous|n||f|ChangeImageLayer|/|FaceEffect|/|BlushSweat|n|'Kya?! A-Ahahah... H-How the tables have turned...'",
                                      "|f|ChangeImageLayer|/|Expression|/|Base|n||f|ChangeImageLayer|/|FaceEffect|/|BlushSweat|n|'Uhm, you wouldn't mind letting me go, would you?'",
                                      "|f|ChangeImageLayer|/|Expression|/|Base|n||f|ChangeImageLayer|/|FaceEffect|/|BlushSweat|n|'C-Could you loosen these ropes a little?'"]
                        },
                        {
                          "lineTrigger": "HitWith",
                          "move": "Dart",
                          "theText": [ "|f|ChangeImageLayer|/|Expression|/|Shy|n||f|ChangeImageLayer|/|FaceEffect|/|Blush|n|'I-Is that a aphrodisiac?! I hope it's not too strong...'",
                                      "|f|ChangeImageLayer|/|Expression|/|EvilSmile|n||f|ChangeImageLayer|/|FaceEffect|/|Blush|n|'Y-You should be careful using that on me, or I might end up fucking you dry!'",
                                      "|f|ChangeImageLayer|/|Expression|/|Lustful|n||f|ChangeImageLayer|/|FaceEffect|/|Blush|n|'Mmmhh, y-you really shouldn't do that...♥'"]
                        }
                    ],
                    "victoryScenes": [
                    ],
                    "pictures": [
                    ]
}
