{
    "name": "Alraune",
    "IDname": "Alraune",
    "Addition": "Yes",
    "skillList": [ "Alraune's Temptation"],
    "perks": [ ""],
    "skillList": [ ""],
    "perks": [ ""],
    "ItemDropList": [
    ],
    "lossScenes": [
    ],
    "combatDialogue": [
                        {
                          "lineTrigger": "HitWith",
                          "move": "Short Whip",
                          "theText": [ "|f|ChangeImageLayer|/|Expression|/|Oops|n||f|ChangeImageLayer|/|Base|/|Base|n|'Ah uhm. Sorry, I can't really feel that...'",
                                      "|f|ChangeImageLayer|/|Expression|/|Oops|n||f|ChangeImageLayer|/|Base|/|Base|n|'I know I have a great ass, but I can't really feel pain.'",
                                      "|f|ChangeImageLayer|/|Expression|/|Base|n||f|ChangeImageLayer|/|Base|/|Base|n|'Mmh. I think I almost felt that.'",
                                      "|f|ChangeImageLayer|/|Expression|/|Seductive|n||f|ChangeImageLayer|/|Base|/|Base|n|'Wouldn't you rather I just take care of your lust?'"]
                        },
                        {
                          "lineTrigger": "HitWith",
                          "move": "Demon Layer",
                          "theText": [ "|f|ChangeImageLayer|/|Expression|/|Pleasured|n||f|ChangeImageLayer|/|Base|/|BaseBlush|n|'Kya!♥'",
                                      "|f|ChangeImageLayer|/|Expression|/|Caring|n||f|ChangeImageLayer|/|Base|/|BaseBlush|n|'Mmmm!♥ W-Wouldn't you rather put that silly thing down and let me take care of your lust?'",
                                      "|f|ChangeImageLayer|/|Expression|/|Caring|n||f|ChangeImageLayer|/|Base|/|BaseBlush|n|'Ohhh!♥ Come on cutie, don't be like that.♥'",
                                      "|f|ChangeImageLayer|/|Expression|/|Pleasured|n||f|ChangeImageLayer|/|Base|/|BaseBlush|n|'Eeek!♥'",
                                      "|f|ChangeImageLayer|/|Expression|/|Caring|n||f|ChangeImageLayer|/|Base|/|BaseBlush|n|'Ahhh!♥ I-I just want to give you some nectar, is that really so bad?'",
                                      "|f|ChangeImageLayer|/|Expression|/|Pleasured|n||f|ChangeImageLayer|/|Base|/|BaseBlush|n|'Oh!♥ Wh-Why did that feel so good?!♥'"]
                        },
                        {
                          "lineTrigger": "HitWith",
                          "move": "Intimidate",
                          "theText": [ "|f|ChangeImageLayer|/|Expression|/|Caring|n||f|ChangeImageLayer|/|Base|/|BaseBlush|n|'My, you're quite the charmer cutie.♥'",
                                      "|f|ChangeImageLayer|/|Expression|/|Seductive|n||f|ChangeImageLayer|/|Base|/|BaseBlush|n|'Oh my, well, why don't you show me what you can do?♥'",
                                      "|f|ChangeImageLayer|/|Expression|/|Seductive|n||f|ChangeImageLayer|/|Base|/|BaseBlush|n|She giggles sweetly at your attentions.",
                                      "|f|ChangeImageLayer|/|Expression|/|Caring|n||f|ChangeImageLayer|/|Base|/|BaseBlush|n|'Mmm, you're so sweet.♥'"]
                        },
                        {
                          "lineTrigger": "HitWith",
                          "move": "Holy Net",
                          "theText": [ "|f|ChangeImageLayer|/|Expression|/|Caring|n||f|ChangeImageLayer|/|Base|/|Base|n|'Ah?! Could you please untie me?'",
                                      "|f|ChangeImageLayer|/|Expression|/|Seductive|n||f|ChangeImageLayer|/|Base|/|Base|n|'Mnn, this makes me wish I had vines to tie you up.♥'",
                                      "|f|ChangeImageLayer|/|Expression|/|Caring|n||f|ChangeImageLayer|/|Base|/|Base|n|'Mhhh... These are a bit tight...'"]
                        }
                ],
                "victoryScenes": [
                ],
                "pictures": [
                ]
}
