{
    "name": "Elf",
    "IDname": "Elf",
    "Addition": "Yes",
    "perks": [ ""],
    "skillList": [ "Ball Rub", "Nifkin Rub"],
    "perks": [ ""],
    "ItemDropList": [
    ],
    "lossScenes": [
    ],
    "combatDialogue": [
                        {
                          "lineTrigger": "HitWith",
                          "move": "Short Whip",
                          "theText": [ "|f|ChangeImageLayer|/|Expression|/|Flustered|n|'KYAA!'",
                                      "|f|ChangeImageLayer|/|Expression|/|Lustful|n|'A-Are you trying to b-break me?!♥'",
                                      "|f|ChangeImageLayer|/|Expression|/|Lustful|n|'That felt... nice?'"]
                        },
                        {
                          "lineTrigger": "HitWith",
                          "move": ["True Holy Water", "Holy Cross"],
                          "theText": [ "|f|ChangeImageLayer|/|Expression|/|Tsun Blush|n|'C-Curse your holy ma-magic-♥'",
                                      "|f|ChangeImageLayer|/|Expression|/|Lustful|n|Her hand drifts to her groin as she twitches in divine bliss.",
                                      "|f|ChangeImageLayer|/|Expression|/|Flustered|n|'D-Don't think your paltry holy magic c-can do anything to me...♥'",
                                      "|f|ChangeImageLayer|/|Expression|/|Tsun Blush|n|'Th-This is nothing-♥'"]
                        },
                        {
                          "lineTrigger": "HitWith",
                          "move": "Intimidate",
                          "theText": [ "|f|ChangeImageLayer|/|Expression|/|Lustful|n|'W-what are you going to do to me?! Uhm... Y-Yes please!'",
                                      "|f|ChangeImageLayer|/|Expression|/|Lustful|n|Her hand drifts to her groin.",
                                      "|f|ChangeImageLayer|/|Expression|/|Lustful|n|Her face and ears flush bright red at your words.",
                                      "|f|ChangeImageLayer|/|Expression|/|Tsun Blush|n|'Y-Your words won't w-work on me, human!' Pussy juices are clearly leaking down her thighs."]
                        },
                        {
                          "lineTrigger": "HitWith",
                          "move": "Holy Net",
                          "theText": [ "|f|ChangeImageLayer|/|Expression|/|Tsun Blush|n|'Make the ropes tighter!♥ Ah! I... uhm... I-I mean, untie me you h-horrid human!'",
                                      "|f|ChangeImageLayer|/|Expression|/|Shock Blush|n|'Kya?! Ah...♥ I-I won't lose to some meager human restraints!'",
                                      "|f|ChangeImageLayer|/|Expression|/|Shock Blush|n|'H-How dare you!'"]
                        },
                        {
                          "lineTrigger": "HitWith",
                          "move": ["Dart", "Holy Aura"],
                          "theText": [ "|f|ChangeImageLayer|/|Expression|/|Lewd|n|'Ah?♥ It's getting so hard to think...♥'",
                                      "|f|ChangeImageLayer|/|Expression|/|Lewd|n|'Ahhh... Please hurry and make me pregnant!♥'"]
                        },
                        {
                            "lineTrigger": "UsesMove",
                            "move": ["Ball Rub", "Nifkin Rub"],
                            "theText": [ "|f|ChangeImageLayer|/|Expression|/|Smug Blush|n|'His nifkin is twitching!'",
                                      "|f|ChangeImageLayer|/|Expression|/|Lustful|n|'This will make him cum, for sure!'",
                                      "|f|ChangeImageLayer|/|Expression|/|Lewd|n|'He's about to blow his load in you!'",
                                      "|f|ChangeImageLayer|/|Expression|/|Tsun Blush|n|'I know you'd rather be inside of me...'"]
                        },
                        {
                            "lineTrigger": "OnPlayerOrgasm",
                            "move": ["Ball Rub", "Nifkin Rub"],
                            "theText": [ "|f|ChangeImageLayer|/|Expression|/|Dominant|n|You moan as [AttackerName] squeezes a huge load of cum out of your balls. Your cock explodes inside her friend's exquisite pussy, filling her insides with thick semen. [AttackerName] keeps squeezing and massaging your balls and your perineum as your shaft convulses inside of her comrade, forcing it to keep pumping load after load deep inside her.|n|Crying out in ecstasy, her friend slams her hips into yours, and her tight love muscles constrict your dick like a hungry python, pressing your tip all the way against her womb.|n||f|PlayerOrgasm|/|1|n|You try to make yourself stop cumming, but the elves are utterly merciless as they milk your spasming cock and balls. Your hips involuntarily buck against those of the elf trapping your cock, and you cry out helplessly against the endless orgasm.|n|'Come on, knock up that little whore!'"
                              ]
                        }
                    ],
                    "victoryScenes": [
                    ],
                    "pictures": [
                    ]
}
