{
  "name": "Gren",
  "IDname": "Gren",
  "Addition": "Yes",
  "skillList": [ ""],
  "perks": [ ""],
  "ItemDropList": [
  ],
  "lossScenes": [
  ],
    "combatDialogue": [
                        {
                            "lineTrigger":"HitWith",
                            "move": "Short Whip",
                            "theText":[ "|f|ChangeImageLayer|/|Base|/|BaseBlush|n||f|ChangeImageLayer|/|Expression|/|Pleasured|n|'{i}Aïe!{/i} That kinda smarts! But I kinda like it!♪'",
                                        "|f|ChangeImageLayer|/|Base|/|BaseBlush|n||f|ChangeImageLayer|/|Expression|/|Shock|n|'Oof, that really gets the blood flowing!'",
                                        "|f|ChangeImageLayer|/|Base|/|BaseBlush|n||f|ChangeImageLayer|/|Expression|/|Sparkling|n|'Ooh, that looks fancy! Can I try it next?'"]
                        },
                        {
                          "lineTrigger":"HitWith",
                          "move": "Holy Cross",
                          "theText":[ "|f|ChangeImageLayer|/|Base|/|BaseBlush|n||f|ChangeImageLayer|/|Expression|/|Shock|n|She shudders, inhales sharply, and draws out a long, moaning breath under the effect of your magic.",
                                      "|f|ChangeImageLayer|/|Base|/|BaseBlush|n||f|ChangeImageLayer|/|Expression|/|Happy|n|'Aah! ... Oh wow, that was... {i}surprenant{/i}.♥'",
                                      "|f|ChangeImageLayer|/|Base|/|BaseBlush|n||f|ChangeImageLayer|/|Expression|/|Pleasured|n|'Mmh... I prefer to get more physical, but that's nice too...♥'"]
                        },
                        {
                          "lineTrigger":"HitWith",
                          "move": "Intimidate",
                          "theText":["|f|ChangeImageLayer|/|Base|/|Base|n||f|ChangeImageLayer|/|Expression|/|Grin|n|'He he, thank you!'",
                                      "|f|ChangeImageLayer|/|Base|/|Base|n||f|ChangeImageLayer|/|Hair|/|Sweat|n||f|ChangeImageLayer|/|Expression|/|Embarrassed|n|She flashes you a confused smile as she cocks her head. You're not even sure she exactly got your meaning.",
                                      "|f|ChangeImageLayer|/|Base|/|Base|n||f|ChangeImageLayer|/|Expression|/|Teasing|n|'Cool! … So, are we going to do these things, or what?'",
                                      "|f|ChangeImageLayer|/|Base|/|Base|n||f|ChangeImageLayer|/|Expression|/|Happy|n|'Well, that's nice of you to say!'"]
                        },
                        {
                            "lineTrigger":"HitWith",
                            "move": "True Holy Water",
                            "theText":["|f|ChangeImageLayer|/|Base|/|BaseBlush|n||f|ChangeImageLayer|/|Expression|/|Pleasured|n|'{i}Aïe!{/i} That kinda smarts! But I kinda like it!'",
                                      "|f|ChangeImageLayer|/|Base|/|BaseBlush|n||f|ChangeImageLayer|/|Expression|/|Shock|n|'Ack! Did you think it'd work better because I'm all wet?'",
                                      "|f|ChangeImageLayer|/|Base|/|BaseBlush|n||f|ChangeImageLayer|/|Expression|/|Embarrassed|n|'That's some fancy pervy water!'",
                                      "|f|ChangeImageLayer|/|Base|/|BaseBlush|n||f|ChangeImageLayer|/|Expression|/|Pleasured|n|'Ow-ow-ow-ow! That feels weird! But nice too!'"]
                        },
                        {
                          "lineTrigger":"HitWith",
                          "move": "Holy Net",
                          "theText":["|f|ChangeImageLayer|/|Base|/|BaseBlush|n||f|ChangeImageLayer|/|Expression|/|Shock|n|'H-Hey! I'm not some fish to be caught in a net!'",
                                      "|f|ChangeImageLayer|/|Base|/|Base|n||f|ChangeImageLayer|/|Expression|/|Pout|n|'Dammit! You adventurers and your tricks!'",
                                      "|f|ChangeImageLayer|/|Base|/|BaseBlush|n||f|ChangeImageLayer|/|Expression|/|Shock|n|She croaks in distress as she struggles to free herself.",
                                      "|f|ChangeImageLayer|/|Base|/|Base|n||f|ChangeImageLayer|/|Expression|/|Pout|n|She glares at you in powerless indignation."]
                        },
                        {
                          "lineTrigger":"HitWith",
                          "move": ["Dart", "Holy Aura"],
                          "theText":["|f|ChangeImageLayer|/|Base|/|BaseBlush|n||f|ChangeImageLayer|/|Expression|/|Fantasizing|n|'What's that? That feels… Hah… nice...♥'",
                                      "|f|ChangeImageLayer|/|Base|/|BaseBlush|n||f|ChangeImageLayer|/|Expression|/|Pout|n|'Hey, come and get me hot and bothered yourself!'"]
                        }
              ],
              "victoryScenes": [
              ],
              "pictures": [
              ]
}
