{
  "name": "Lizard Girl",
  "IDname": "Lizard Girl",
  "Addition": "Yes",
  "skillList": [ "Lizard Queen", "Lizard Face Grind", "Lizard Queening", "Lizard Tease", "Restrained Insert"],
  "perks": [ ""],
  "ItemDropList": [
  ],
  "lossScenes": [
  ],
  "combatDialogue": [
                      {
                        "lineTrigger": "HitWith",
                        "move": "Short Whip",
                        "theText": [ "|f|ChangeImageLayer|/|Expression|/|Annoyed|n|'I can be a lot rougher than that!'",
                                    "|f|ChangeImageLayer|/|Expression|/|Annoyed|n|'That all you got?'",
                                    "|f|ChangeImageLayer|/|Expression|/|Dominant|n|'Why don't you give me that whip and I'll show you how to {i}really{/i} use it!'"]
                      },
                      {
                        "lineTrigger": "HitWith",
                        "move": "Holy Net",
                        "theText": [ "|f|ChangeImageLayer|/|Expression|/|Annoyed|n|'Ha, I'll get free of this in no time!'",
                                    "|f|ChangeImageLayer|/|Expression|/|Base|n|'Oh, I wish I had thought of bringing a net!'",
                                    "|f|ChangeImageLayer|/|Expression|/|Annoyed|n|'Do you really think this can hold me?!'"]
                      },
                      {
                        "lineTrigger": "HitWith",
                        "move": "Dart",
                        "theText": [ "|f|ChangeImageLayer|/|Expression|/|Lewd|n|'Ahh...?♥ I feel so horny...♥'",
                                    "|f|ChangeImageLayer|/|Expression|/|Lewd|n|Her face quickly becomes flush and she starts panting with lust."]
                      },
                      {
                        "lineTrigger": "HitWith",
                        "move": "True Holy Water",
                        "theText": [ "|f|ChangeImageLayer|/|Expression|/|Annoyed|n|'Th-That's definitely cheating...'",
                                    "|f|ChangeImageLayer|/|Expression|/|Annoyed|n|'Don't think I'm going to back down.'",
                                    "|f|ChangeImageLayer|/|Expression|/|Base|n|'Hmmm, that felt tingly...'"]
                      },
                      {
                        "lineTrigger": "HitWith",
                        "move": "Intimidate",
                        "theText": [ "|f|ChangeImageLayer|/|Expression|/|LovingBlush|n|'Eh? Uhm, I love you!'",
                                    "|f|ChangeImageLayer|/|Expression|/|LovingBlush|n|'Have I mentioned how amazing you look?♥'",
                                    "|f|ChangeImageLayer|/|Expression|/|LovingBlush|n|'Aw, don't be scared, I'll guide you step by step.♥'",
                                    "|f|ChangeImageLayer|/|Expression|/|LovingBlush|n|'Awww, you're pretty cute.'",
                                    "|f|ChangeImageLayer|/|Expression|/|LewdDominant|n|'If you let me fuck you senseless, I'll let you do whatever you want with me afterwards!♥'"]
                      },
                      {
                        "lineTrigger": "HitWith",
                        "move": ["Holy Cross", "Holy Aura"],
                        "theText": [ "|f|ChangeImageLayer|/|Expression|/|Lewd|n|'Oh wow-♥ That felt nice...♥'",
                                    "|f|ChangeImageLayer|/|Expression|/|Lewd|n|'Mnnn-♥ I wonder how many more times you can cast that.♥ I'll get my payback if you run out of mana.♥'",
                                    "|f|ChangeImageLayer|/|Expression|/|Lewd|n|'Ohhh-♥ I think my mind blanked out a little there.♥'",
                                    "|f|ChangeImageLayer|/|Expression|/|Lewd|n|'Haaahhhh...♥ feeling good without being touched is so weird...♥'"]
                      },
                      {
                        "lineTrigger": "HitWith",
                        "move": "Pussy Worship",
                        "theText": [ "|f|ChangeImageLayer|/|Expression|/|LewdDominant|n|'I'm going to drown you if you keep that up!♥'",
                                    "|f|ChangeImageLayer|/|Expression|/|Lewd|n|'Yes! Lick my pussy. Faster!'",
                                    "|f|ChangeImageLayer|/|Expression|/|LovingBlush|n|'Good boy!♥ This is where you belong!'",
                                    "|f|ChangeImageLayer|/|Expression|/|Lewd|n|'That feels sooo good!♥'"]
                      },
                      {
                          "lineTrigger": "UsesMove",
                          "move": "Lizard Queen",
                          "theText": [ "|f|ChangeImageLayer|/|Expression|/|Smug|n|'You'll never forget {i}this{/i}, human!'",
                                      "|f|ChangeImageLayer|/|Expression|/|Smug|n|'You are no match for the power of my cunt.♥'",
                                      "|f|ChangeImageLayer|/|Expression|/|LewdDominant|n|'A good soulmate knows his place!'",
                                      "|f|ChangeImageLayer|/|Expression|/|LovingBlush|n|'Mmmm,♥ this is going to be great.♥'"]
                      },
                      {
                          "lineTrigger": "UsesMove",
                          "move": ["Lizard Face Grind", "Lizard Queening"],
                          "theText": [ "|f|ChangeImageLayer|/|Expression|/|LewdDominant|n|'I'll let you out for air {i}soon{/i}, human!'",
                                      "|f|ChangeImageLayer|/|Expression|/|LewdDominant|n|'Be sure to surrender {i}before{/i} you pass out!'",
                                      "|f|ChangeImageLayer|/|Expression|/|LewdDominant|n|'Lick me good, and {i}maybe{/i} I'll fuck you after!'",
                                      "|f|ChangeImageLayer|/|Expression|/|LewdDominant|n|'I {i}love{/i} watching you squirm down there!'"]
                      },
                      {
                          "lineTrigger": "UsesMove",
                          "move": "Lizard Tease",
                          "theText": [ "|f|ChangeImageLayer|/|Expression|/|Smug|n|'How long would your cock last inside me?'",
                                      "|f|ChangeImageLayer|/|Expression|/|Smug|n|'You {i}want{/i} this, don't you?♥'",
                                      "|f|ChangeImageLayer|/|Expression|/|Dominant|n|'I'm not going to give it to you!'",
                                      "|f|ChangeImageLayer|/|Expression|/|LewdDominant|n|'Maybe you should try begging for it!'"]
                      },
                      {
                          "lineTrigger": "OnPlayerOrgasm",
                          "move": "Lizard Tease",
                          "theText": [ "|f|ChangeImageLayer|/|Expression|/|LewdDominant|n|'Uh-oh, I don't think he can wait any longer!♥' Your cock spews hot semen all over her pelvic area!",
                                      "|f|ChangeImageLayer|/|Expression|/|Dominant|n|The monster gives a surprised laugh as your cock shoots cum right onto her pussy lips! 'Wow, you just could not {i}wait{/i}, could you? You are in {size=+10}big{/size} trouble!♥'"
                                    ]
                      },
                      {
                          "lineTrigger": "OnPlayerOrgasm",
                          "move": "Face Sit",
                          "theText": [ "|f|ChangeImageLayer|/|Expression|/|Dominant|n|'You are destined to lose!♥' Your cock throbs from her aggressive face grinding, aching for release. She bends down and gently nibbles your shaft with her sharp teeth, causing you to spurt on her face!",
                                      "|f|ChangeImageLayer|/|Expression|/|LewdDominant|n|'What chance do you think you have against this cunt?♥' Your cock shudders, yearning to be buried inside her tight pussy. She flicks it with one of her claws and it erupts all over you!"
                                    ]
                      },
                      {
                          "lineTrigger": "StanceStruggle",
                          "move": "Face Sit",
                          "theText": [ "You try to push [AttackerName]'s curvy rear off your face..."]
                      },
                      {
                          "lineTrigger": "StanceStruggleFail",
                          "move": "Face Sit",
                          "theText": [ "But she firmly grinds her rear back down into your mouth!",
                                      "But she grabs your head with her clawed hands and forces you to service her wet pussy!",
                                      "But she grabs your hands and pulls them up to her chest, forcing you to grope her big tits!",
                                      "But she grabs your hands and presses them against her firm, toned ass!",
                                      "But she laughs as she uses the strength of her thighs to immobilize your head!",
                                      "But as you start to push her off, she grabs your arms and throws them to your sides as she proceeds to plop her firm rear back onto your face!"]
                      },
                      {
                          "lineTrigger": "StanceStruggleComment",
                          "move": "Face Sit",
                          "theText": [ "",
                                      "|f|ChangeImageLayer|/|Expression|/|LewdDominant|n|'You're not finished servicing me!♥'",
                                      "|f|ChangeImageLayer|/|Expression|/|Dominant|n|'What's wrong? Is your head blanking out?♥'",
                                      "|f|ChangeImageLayer|/|Expression|/|Dominant|n|'You're not getting away!♥",
                                      "|f|ChangeImageLayer|/|Expression|/|LewdDominant|n|'Where do you think you're going, soulmate?♥'"]
                      },
                      {
                          "lineTrigger": "StanceStruggleFree",
                          "move": "Face Sit",
                          "theText": [ "And manage to push [AttackerName]'s shapely rear away!",
                                    "And as you free yourself from [AttackerName]'s firm behind, you gasp for some air!"]
                      },
                      {
                          "lineTrigger": "StanceStruggleFreeComment",
                          "move": "Face Sit",
                          "theText": [ "|f|ChangeImageLayer|/|Expression|/|LewdDominant|n|'I guess this means you're ready to get fucked!'",
                                    "|f|ChangeImageLayer|/|Expression|/|Smug|n|'You need to put your cock in it now, don't you?'",
                                    "|f|ChangeImageLayer|/|Expression|/|Dominant|n|'I hope my pussy-power didn't scare you too much!'",
                                    "|f|ChangeImageLayer|/|Expression|/|LewdDominant|n|'You look so pathetic getting crushed by my cunt!'",
                                    "|f|ChangeImageLayer|/|Expression|/|Smug|n|'Sorry, did you need some air?♥'"]
                      },
                      {
                          "lineTrigger": "RestraintStruggle",
                          "move": "Lizard Queen",
                          "theText": [ "[TargetName] struggles against [AttackerName]'s grip while trying to ignore the muscled orifice roughly grinding on his face..."]
                      },
                      {
                          "lineTrigger": "RestraintStruggleCharmed",
                          "move": "Lizard Queen",
                          "theText": [ "[TargetName] squirms against [AttackerName]'s grip, barely managing to resist the lizard woman's aggressive queening..."]
                      },
                      {
                          "lineTrigger": "RestraintEscaped",
                          "move": "Lizard Queen",
                          "theText": [ "And manages to break free of [AttackerName]'s hold, but she slams her pussy down onto his face...",
                                      "And manages to break free of [AttackerName]'s hold, but he still licks and kisses at her honepot submissively...",
                                      "And manages to break free from [AttackerName]'s hold, but the lizard woman grins down at him as she continues to force him to lick her pussy."]
                      },
                      {
                          "lineTrigger": "RestraintEscapedFail",
                          "move": "Lizard Queen",
                          "theText": [ "But remains pinned by [AttackerName]! She grins triumphantly down at [TargetName] as she continues to roughly pussy-fuck his face.",
                                      "But loses focus, awash in blissful submission, completely content with his current situation.",
                                      "Still pinned under the lizard woman, [TargetName] can only moan into her pussy while struggling to breathe."]
                      }
                    ],
                    "victoryScenes": [
                    ],
                    "pictures": [
                    ]
}
