{
    "name": "Nicci",
    "IDname": "Nicci",
    "Addition": "Yes",
    "skillList": [ ""],
    "perks": [ ""],
    "ItemDropList": [
    ],
    "lossScenes": [
    ],
    "combatDialogue": [
                        {
                          "lineTrigger": "HitWith",
                          "move": "Short Whip",
                          "theText": [ "|f|ChangeImageLayer|/|Expression|/|Base|n|'Ah. Sorry cutie, but I'm not really into things like that.'",
                                      "|f|ChangeImageLayer|/|Expression|/|Concern|n|'Can you please stop that?'",
                                      "|f|ChangeImageLayer|/|Expression|/|Base|n|'Wouldn't you rather just lay back and relax?'"]
                        },
                        {
                          "lineTrigger": "HitWith",
                          "move": "Holy Cross",
                          "theText": [ "|f|ChangeImageLayer|/|Expression|/|LosingBlush|n|'MMMMM!♥ Ah-ahaa!♥ Not bad!'",
                                      "|f|ChangeImageLayer|/|Expression|/|LosingBlush|n|'Everything feels so good!♥'",
                                      "|f|ChangeImageLayer|/|Expression|/|LosingBlush|n|'Ahhh!♥ I wonder how long you can keep that up!♥'"]
                        },
                        {
                            "lineTrigger": "HitWith",
                            "move": "True Holy Water",
                            "theText": [ "|f|ChangeImageLayer|/|Expression|/|Base|n|'Ah?! Hmph... I'm going to have to pamper you until you learn to be a good boy.'",
                                        "|f|ChangeImageLayer|/|Expression|/|Concern|n|'I-I can feel it all over my body!'",
                                        "|f|ChangeImageLayer|/|Expression|/|Concern|n|'C-Can you please not do that, cutie?'"]
                        },
                        {
                          "lineTrigger": "HitWith",
                          "move": "Intimidate",
                          "theText": [ "|f|ChangeImageLayer|/|Expression|/|Happy|n|'Oh my, cutie, you're quite the charmer aren't you?'",
                                      "|f|ChangeImageLayer|/|Expression|/|Base|n|'Hmmm, but your cock belongs in me.♥'",
                                      "|f|ChangeImageLayer|/|Expression|/|Happy|n|'Give me your tribute, you miserable pile of secrets!♥'"]
                        },
                        {
                          "lineTrigger": "Escape",
                          "move": ["Shoryuken", "Invisibility"],
                          "theText": [ "|f|ChangeImageLayer|/|Expression|/|Base|n|'Oh dear, now why did you go and do that...",
                                      "|f|ChangeImageLayer|/|Expression|/|Base|n|'Don't you want to just relax? It'll feel so good...'",
                                      "|f|ChangeImageLayer|/|Expression|/|Base|n|'Oh you're being naughty cutie...'",
                                      "|f|ChangeImageLayer|/|Expression|/|Happy|n|'Play hard to get all you want, I know you want to come back here.♥'"]
                        },
                        {
                          "lineTrigger": "HitWith",
                          "move": "Holy Net",
                          "theText": [ "|f|ChangeImageLayer|/|Expression|/|Concern|n|'Eh?! You're making it very hard for me to take care of your lust...'",
                                      "|f|ChangeImageLayer|/|Expression|/|Base|n|'Once I'm out of this, maybe I should tie you up until you behave instead...♥'",
                                      "|f|ChangeImageLayer|/|Expression|/|Base|n|'I'm kind of impressed you managed to tie me up...'"]
                        }
                ],
                "victoryScenes": [
                ],
                "pictures": [
                ]
}
