{
  "name": "Lizard Girl",
  "IDname": "Rest Lizard Girl",
  "species": "Reptilian",
  "gender": "female",
  "description": "A toned girl wearing metal bikini armor that has been painted green with shoulder length brown hair done up in a ponytail. She has green scales covering her arms and legs, a rather short reptilian tail, and a mouth full of very sharp looking teeth with a long tongue hiding just behind them.",
  "encyclopedia": "A strong and aggressive reptilian race that traditionally mates for life. They pick their mates through combat, and upon defeat the person who beat them becomes their mate... at least that's how it used to be. Now they are much more amorous, fucking men into submission until they find one they deem their soulmate.",
  "tags": "none",
  "generic": "True",
  "requires": [ "Green Scale"],
  "skillList": [ "Rough Ride", "Grind", "Restrained Insert", "Huntress' Pin", "Huntress' Pin", "Pinch Nipples", "Handjob", "Lizard Queen", "Lizard Face Grind", "Lizard Queening", "Lizard Tease"],
  "perks": [ "Anal Adverse", "Unshackled"],
  "stats": { "lvl": "5",
            "Exp": "30",
            "max_hp": "200",
            "max_ep": "40",
            "max_sp": "1",
            "Power": "10",
            "Technique": "6",
            "Intelligence": "4",
            "Allure": "6",
            "Willpower": "4",
            "Luck": "5"
  },
  "Fetishes": [ ""],
  "BodySensitivity": { "Sex": "100",
            "Ass": "200",
            "Breasts": "100",
            "Mouth": "100",
            "Seduction": "150",
            "Magic": "100",
            "Pain": "25",
            "Holy": "100",
            "Unholy": "100"
  },
  "resistancesStatusEffects": {
            "Stun": "10",
            "Charm": "0",
            "Aphrodisiac": "0",
            "Restraints": "0",
            "Sleep": "0",
            "Trance": "0",
            "Paralysis": "0",
            "Debuff": "25"
  },
  "moneyDropped": "125",
  "ItemDropList": [
                    {
                      "name": "Forest Kebab",
                      "dropChance": "50"
                    },
                    {
                      "name": "Calming Potion",
                      "dropChance": "30"
                    },
                    {
                      "name": "Energy Potion",
                      "dropChance": "25"
                    },
                    {
                      "name": "Indomitable Rune",
                      "dropChance": "5"
                    }
                  ],
  "lossScenes": [
                  {
                      "NameOfScene": "NormalStartSex",
                      "move": "",
                      "stance": "",
                      "includes": [ "Rest Lizard Girl"],
                      "theScene": [ "ChangeImageLayer", "Expression", "1", "LewdDominant",
                                  "Speaks",
                                  "Hahaha! Looks like you can't take anymore!",
                                  "You lay on the ground, panting in exhaustion while the lizard girl looms over you before straddling your waist.",
                                  "ChangeImageLayer", "Expression", "1", "LewdLoving",
                                  "Speaks",
                                  "Now you're alllll mine!",
                                  "She quickly pushes your shaft into her soaking wet pussy. You moan as her muscled honeypot tightens around your dick.",
                                  "ChangeImageLayer", "Expression", "1", "LewdDominant",
                                  "Speaks",
                                  "Ahaha.♥ That was a pitiful sound you made. I wanna hear more!",
                                  "She starts to bounce her hips on your cock and you try to hold back your moans.",
                                  "JumpToScene",
                                  "sexScene"
                                ],
                      "picture": ""
                  },
                  {
                      "NameOfScene": "SexStartSex",
                      "move": "",
                      "stance": "Sex",
                      "includes": [ "Rest Lizard Girl"],
                      "theScene": [ "ChangeImageLayer", "Expression", "1", "LewdDominant",
                                  "Speaks",
                                  "Hahaha! Looks like you can't take anymore!",
                                  "You lay on the ground, panting in exhaustion while she continues to ride your cock.",
                                  "ChangeImageLayer", "Expression", "1", "LewdLoving",
                                  "Speaks",
                                  "Now you're alllll mine!",
                                  "You moan as her muscled honeypot tightens around your dick.",
                                  "ChangeImageLayer", "Expression", "1", "LewdDominant",
                                  "Speaks",
                                  "Ahaha.♥ That was a pitiful sound you made. I wanna hear more!",
                                  "As she continues to bounce her hips on your dick, you try to hold back your moans.",
                                  "JumpToScene",
                                  "sexScene"
                                ],
                      "picture": ""
                  },
                  {
                    "NameOfScene": "sexScene",
                    "move": "",
                    "stance": "CanNotBeSelected",
                    "includes": [ "Rest Lizard Girl"],
                    "theScene": [ "ChangeImageLayer", "Expression", "1", "LewdLoving",
                                "Speaks",
                                "Mmm♥ Don't feel bad about it though, you had no chance against me. Just enjoy your loss!",
                                "Her hips slowly start to increase their pace as her clawed hands start to pinch and tease your nipples.",
                                "ChangeImageLayer", "Expression", "1", "LewdDominant",
                                "You can't help but cry out at the increased stimulation, and she gives you a malicious smile.",
                                "Before you can adjust to the combined sensations of her hands and her pussy, she starts to roughly slam her hips into you, her wet orifice tighter than ever.",
                                "ChangeImageLayer", "Expression", "1", "LewdLoving",
                                "Whatever meager resistance you had left is easily shattered from the brutally pleasant feelings her aggressive movements are giving you, leaving you moaning and groaning from her electrifying assault.",
                                "Speaks",
                                "Ahhh♥ So cute! Now cum for me, darling!♥",
                                "ChangeImageLayer", "Expression", "1", "Lewd",
                                "PlayerOrgasm", "1",
                                "As if on command, your body convulses in orgasmic bliss and you spray her insides with cum.",
                                "She tenses and moans in her own orgasm as she hilts your throbbing manhood into her deepest parts.",
                                "ChangeImageLayer", "Expression", "1", "LovingBlush",
                                "You are both gasping for air as she gently falls on top of you as she carefully interlocks your hands together, her claws digging possessively into your skin.",
                                "ChangeImageLayer", "Expression", "1", "LewdDominant",
                                "Speaks",
                                "We're not done yet.♥",
                                "ChangeImageLayer", "Expression", "1", "Tempting",
                                "She quickly resumes her assault, rapidly fucking you. As you start to cry out in pleasure once again, she locks lips with you and quickly dominates your mouth with her sinuous tongue.",
                                "Her pussy feels like it's trying to break your dick, and it feels so good.",
                                "ChangeImageLayer", "Expression", "1", "LewdLoving",
                                "PlayerOrgasm", "1",
                                "Shuddering, you quickly cum again, and as you do, you feel the lizard girl make happy humming noises into your mouth.",
                                "Your eyes start to roll up as your oversensitive cock is constantly attacked by her heavenly honeypot.",
                                "PlayerOrgasm", "1",
                                "She makes you cum again and again from her relentless lovemaking, and darkness starts to tint the corners of your vision as you start to black out.",
                                "ChangeImageLayer", "Expression", "1", "LovingBlush",
                                "But before you slip unconscious, she stops her reckless lovemaking and cuddles up against your chest, seemingly exhausted.",
                                "Speaks",
                                "Mmmmnn... I love you...♥",
                                "Her comfortable embrace is too much for your exhausted body to handle, and sleep quickly overtakes you...",
                                "ChangeSensitivity",
                                "Sex",
                                "2",
                                "ChangeSensitivity",
                                "Pain",
                                "2"
                              ],
                    "picture": ""

                  }
                ],
  "combatDialogue": [
                      {
                        "lineTrigger": "StartOfCombat",
                        "move": "",
                        "theText": [
                          "|f|CallCombatEventAndScene|/|Lizard Nap|/|RampUpLizardFight|n|"]
                      },
                      {
                          "lineTrigger": "HitWith",
                          "move": "Spank",
                          "theText": [ "|f|ChangeImageLayer|/|Expression|/|Smug|n|'I can be a lot rougher than that!'",
                                      "|f|ChangeImageLayer|/|Expression|/|Smug|n|'That all you got?'",
                                      "|f|ChangeImageLayer|/|Expression|/|LewdDominant|n|'Try harder!♥'"]
                      },
                      {
                        "lineTrigger": "HitWith",
                        "move": "Short Whip",
                        "theText": [ "|f|ChangeImageLayer|/|Expression|/|Annoyed|n|'I can be a lot rougher than that!'",
                                    "|f|ChangeImageLayer|/|Expression|/|Annoyed|n|'That all you got?'",
                                    "|f|ChangeImageLayer|/|Expression|/|Dominant|n|'Why don't you give me that whip and I'll show you how to {i}really{/i} use it!'"]
                      },
                      {
                        "lineTrigger": "HitWith",
                        "move": "Holy Net",
                        "theText": [ "|f|ChangeImageLayer|/|Expression|/|Annoyed|n|'Ha, I'll get free of this in no time!'",
                                    "|f|ChangeImageLayer|/|Expression|/|Base|n|'Oh, I wish I had thought of bringing a net!'",
                                    "|f|ChangeImageLayer|/|Expression|/|Annoyed|n|'Do you really think this can hold me?!'"]
                      },
                      {
                        "lineTrigger": "HitWith",
                        "move": "Dart",
                        "theText": [ "|f|ChangeImageLayer|/|Expression|/|Lewd|n|'Ahh...?♥ I feel so horny...♥'",
                                    "|f|ChangeImageLayer|/|Expression|/|Lewd|n|Her face quickly becomes flush and she starts panting with lust."]
                      },
                      {
                        "lineTrigger": "HitWith",
                        "move": "True Holy Water",
                        "theText": [ "|f|ChangeImageLayer|/|Expression|/|Annoyed|n|'Th-That's definitely cheating...'",
                                    "|f|ChangeImageLayer|/|Expression|/|Annoyed|n|'Don't think I'm going to back down.'",
                                    "|f|ChangeImageLayer|/|Expression|/|Base|n|'Hmmm, that felt tingly...'"]
                      },
                      {
                        "lineTrigger": "HitWith",
                        "move": "Intimidate",
                        "theText": [ "|f|ChangeImageLayer|/|Expression|/|LovingBlush|n|'Eh? Uhm, I love you!'",
                                    "|f|ChangeImageLayer|/|Expression|/|LovingBlush|n|'Have I mentioned how amazing you look?♥'",
                                    "|f|ChangeImageLayer|/|Expression|/|LovingBlush|n|'Aw, don't be scared, I'll guide you step by step.♥'",
                                    "|f|ChangeImageLayer|/|Expression|/|LovingBlush|n|'Awww, you're pretty cute.'",
                                    "|f|ChangeImageLayer|/|Expression|/|LewdDominant|n|'If you let me fuck you senseless, I'll let you do whatever you want with me afterwards!♥'"]
                      },
                      {
                        "lineTrigger": "HitWith",
                        "move": ["Holy Cross", "Holy Aura"],
                        "theText": [ "|f|ChangeImageLayer|/|Expression|/|Lewd|n|'Oh wow-♥ That felt nice...♥'",
                                    "|f|ChangeImageLayer|/|Expression|/|Lewd|n|'Mnnn-♥ I wonder how many more times you can cast that.♥ I'll get my payback if you run out of mana.♥'",
                                    "|f|ChangeImageLayer|/|Expression|/|Lewd|n|'Ohhh-♥ I think my mind blanked out a little there.♥'",
                                    "|f|ChangeImageLayer|/|Expression|/|Lewd|n|'Haaahhhh...♥ feeling good without being touched is so weird...♥'"]
                      },
                      {
                        "lineTrigger": "HitWith",
                        "move": "Pussy Worship",
                        "theText": [ "|f|ChangeImageLayer|/|Expression|/|LewdDominant|n|'I'm going to drown you if you keep that up!♥'",
                                    "|f|ChangeImageLayer|/|Expression|/|Lewd|n|'Yes! Lick my pussy. Faster!'",
                                    "|f|ChangeImageLayer|/|Expression|/|LovingBlush|n|'Good boy!♥ This is where you belong!'",
                                    "|f|ChangeImageLayer|/|Expression|/|Lewd|n|'That feels sooo good!♥'"]
                      },
                      {
                        "lineTrigger": "HitWith",
                        "move": "Whip",
                        "theText": [ "|f|ChangeImageLayer|/|Expression|/|Annoyed|n|'I can be a lot rougher than that!'",
                                    "|f|ChangeImageLayer|/|Expression|/|Annoyed|n|'That all you got?'",
                                    "|f|ChangeImageLayer|/|Expression|/|Dominant|n|'Why don't you give me that whip and I'll show you how to {i}really{/i} use it!'"]
                      },
                      {
                        "lineTrigger": "HitWith",
                        "move": "Demon Layer",
                        "theText": [ "|f|ChangeImageLayer|/|Expression|/|MinorAhegao|n|'W-What-?♥♥♥'",
                                    "|f|ChangeImageLayer|/|Expression|/|Lewd|n|'Ahhhh!♥ T-That f-felt way too good for a whip...♥'",
                                    "|f|ChangeImageLayer|/|Expression|/|Lewd|n|'MMnnnn!♥'",
                                    "|f|ChangeImageLayer|/|Expression|/|Lewd|n|'MMMM!!!♥'",
                                    "|f|ChangeImageLayer|/|Expression|/|Lewd|n|'Ahhh!♥ Th-That all you got?'",
                                    "|f|ChangeImageLayer|/|Expression|/|MinorAhegao|n|'C-Can't!♥ T-Think!♥'"]
                      },
                      {
                        "lineTrigger": "HitWith",
                        "move": "Holy Headpat",
                        "theText": [ "|f|ChangeImageLayer|/|Expression|/|Annoyed|n|'...Are you mocking me?'|f|CallCombatEventAndScene|/|PlayerCombatEvents|/|Enraged|n|",
                                  "|f|ChangeImageLayer|/|Expression|/|Annoyed|n|'I don't think you're taking this seriously enough!'|f|CallCombatEventAndScene|/|PlayerCombatEvents|/|Enraged|n|" ]
                      },
                      {
                        "lineTrigger": "HitWith",
                        "move": ["Bondage Net", "Magical Binding"],
                        "theText": [ "|f|ChangeImageLayer|/|Expression|/|Annoyed|n|'Ha, I'll get free of this in no time!'",
                                    "|f|ChangeImageLayer|/|Expression|/|Base|n|'Oh, I wish I had thought of bringing a net!'",
                                    "|f|ChangeImageLayer|/|Expression|/|Annoyed|n|'Do you really think this can hold me?!'"]
                      },
                      {
                        "lineTrigger": "HitWith",
                        "move": ["Pin"],
                        "theText": [ "|f|ChangeImageLayer|/|Expression|/|Smug|n|'Don't get cocky, I'll pin you back soon.♥'",
                                    "|f|ChangeImageLayer|/|Expression|/|Base|n|'Well, someone's daring.'",
                                    "|f|ChangeImageLayer|/|Expression|/|Smug|n|'Hmmm, you're pretty strong.♥'"]
                      },
                      {
                        "lineTrigger": "HitWith",
                        "move": ["Lewd Bottle", "Cloying Mist", "Placebo Pheromone"],
                        "theText": [ "|f|ChangeImageLayer|/|Expression|/|Lewd|n|'Ahh...?♥ I feel so horny...♥'",
                                    "|f|ChangeImageLayer|/|Expression|/|Lewd|n|Her face quickly becomes flush and she starts panting with lust."]
                      },
                      {
                          "lineTrigger": "HitWith",
                          "move": "Electrify",
                          "theText": [ "|f|ChangeImageLayer|/|Expression|/|Annoyed|n|'That all you got?'",
                                      "|f|ChangeImageLayer|/|Expression|/|Base|n|'That's so cool! I mean, I hardly felt it, but it was still cool!'",
                                      "|f|ChangeImageLayer|/|Expression|/|Base|n|'Ahhh... Hey, can you teach me how to do that?'"]
                      },
                      {
                        "lineTrigger": "HitWith",
                        "move": "Finger",
                        "theText": [ "|f|ChangeImageLayer|/|Expression|/|Smug|n|'Come on, be a bit rougher!'",
                                    "|f|ChangeImageLayer|/|Expression|/|Smug|n|'We should start the main event already!'",
                                    "|f|ChangeImageLayer|/|Expression|/|LovingBlush|n|'Not bad!'"]
                      },
                      {
                        "lineTrigger": "HitWith",
                        "move": "Dildo",
                        "theText": [ "|f|ChangeImageLayer|/|Expression|/|Lewd|n|'Mmmm, Hey hey, where can I buy one of these?'",
                                    "|f|ChangeImageLayer|/|Expression|/|Smug|n|'Ahhh, you should be using your cock, not a fake one!'"]
                      },
                      {
                        "lineTrigger": "HitWith",
                        "move": ["Charm", "Charm Wave"],
                        "theText": [ "|f|ChangeImageLayer|/|Expression|/|LovingBlush|n|'I love you!'",
                                    "|f|ChangeImageLayer|/|Expression|/|LovingBlush|n|'C'mon, show me what you can do!♥'"
                                    ]
                      },
                      {
                        "lineTrigger": "HitWith",
                        "move": "Sleep",
                        "theText": [ "|f|ChangeImageLayer|/|Expression|/|Base|n|'H-Hey... Th-That's cheating...' She yawns cutely."
                                    ]
                      },
                      {
                        "lineTrigger": "HitWith",
                        "move": ["Enfeeble", "Sensitize"],
                        "theText": [ "|f|ChangeImageLayer|/|Expression|/|Annoyed|n|'Th-That's definitely cheating...'",
                                    "|f|ChangeImageLayer|/|Expression|/|Annoyed|n|'Don't think I'm going to back down.'",
                                    "|f|ChangeImageLayer|/|Expression|/|Base|n|'Hmmm, that felt tingly...'"]
                      },
                      {
                        "lineTrigger": "HitWith",
                        "move": ["Disarming Appeal"],
                        "theText": [ "|f|ChangeImageLayer|/|Expression|/|LovingBlush|n|'Aw, don't be scared, I'll guide you step by step.♥'",
                                    "|f|ChangeImageLayer|/|Expression|/|LovingBlush|n|'Want a breather? I guess I can go a {i}little{/i} slower.♥'",
                                    "|f|ChangeImageLayer|/|Expression|/|LovingBlush|n|'Awww, you're pretty cute.'"]
                      },
                      {
                        "lineTrigger": "HitWith",
                        "move": ["Kiss"],
                        "theText": [ "|f|ChangeImageLayer|/|Expression|/|Base|n|'Come on, lets kiss even deeper.'",
                                    "|f|ChangeImageLayer|/|Expression|/|Lewd|n|'Aw, don't be scared of kissing me more, I want our tongues to entangle lots.♥'",
                                    "|f|ChangeImageLayer|/|Expression|/|Base|n|'Kiss me like you mean it.♥'"]
                      },
                      {
                        "lineTrigger": "HitWith",
                        "move": ["Make Out"],
                        "theText": [ "|f|ChangeImageLayer|/|Expression|/|LovingBlush|n|'Mmph?! Mnn- You wanna get lovey dovey already?'",
                                    "|f|ChangeImageLayer|/|Expression|/|LovingBlush|n|'Ohhh- let's kiss till our heads spin.'",
                                    "|f|ChangeImageLayer|/|Expression|/|LovingBlush|n|'Couldn't help yourself huh? Well I can't blame you.♥'"]
                      },
                      {
                        "lineTrigger": "HitWith",
                        "move": ["Deep Kiss", "Lovingly Rough Kiss", "Skillfully Passionate Kiss", "Misty Kiss", "Sensually Seductive Kiss"],
                        "theText": [ "|f|ChangeImageLayer|/|Expression|/|LovingBlush|n|'Mnnn- You're making my head spin.♥'",
                                    "|f|ChangeImageLayer|/|Expression|/|LovingBlush|n|'Hehe, like my long tongue?♥'",
                                    "|f|ChangeImageLayer|/|Expression|/|LovingBlush|n|'Your eyes look wonderful by the way.♥'",
                                    "|f|ChangeImageLayer|/|Expression|/|LovingBlush|n|'Mmmm, lets make out for hours.♥ Maybe have sex too...♥'"]
                      },
                      {
                          "lineTrigger": "HitWith",
                          "move": "Ear Tease",
                          "theText": [ "|f|ChangeImageLayer|/|Expression|/|LovingBlush|n|'Ahh?! T-That was kinda nice...'",
                                      "|f|ChangeImageLayer|/|Expression|/|Lewd|n|'I-Is this why elves always go on about their ears...?'",
                                      "|f|ChangeImageLayer|/|Expression|/|Lewd|n|Breathing heavily, she leans into your gentle teasing."]
                      },
                      {
                        "lineTrigger": "HitWith",
                        "move": ["Seduce", "Enamor", "Smoldering Seduction", "Smoldering Flaunt", "Massaging Seduction", "Mass Seduction"],
                        "theText": [ "|f|ChangeImageLayer|/|Expression|/|LovingBlush|n|'Eh? Uhm, I love you!'",
                                    "|f|ChangeImageLayer|/|Expression|/|LovingBlush|n|'Have I mentioned how amazing you look?♥'",
                                    "|f|ChangeImageLayer|/|Expression|/|LovingBlush|n|'That's fighting dirty.♥'",
                                    "|f|ChangeImageLayer|/|Expression|/|LewdDominant|n|'If you let me fuck you senseless, I'll let you do whatever you want with me afterwards!♥'"]
                      },
                      {
                        "lineTrigger": "HitWith",
                        "move": ["Arouse", "Arousara", "Arousero"],
                        "theText": [ "|f|ChangeImageLayer|/|Expression|/|Lewd|n|'Oh wow-♥ That felt nice...♥'",
                                    "|f|ChangeImageLayer|/|Expression|/|Lewd|n|'Mnnn-♥ I wonder how many more times you can cast that.♥ I'll get my payback if you run out of mana.♥'",
                                    "|f|ChangeImageLayer|/|Expression|/|Lewd|n|'Ohhh-♥ I think my mind blanked out a little there.♥'",
                                    "|f|ChangeImageLayer|/|Expression|/|Lewd|n|'Haaahhhh...♥ feeling good without being touched is so weird...♥'"]
                      },
                      {
                          "lineTrigger": "HitWith",
                          "move": "Grope Ass",
                          "theText": [ "|f|ChangeImageLayer|/|Expression|/|Lewd|n|'I-I'm not w-weak there... R-Really...'",
                                    "|f|ChangeImageLayer|/|Expression|/|Lewd|n|'Mmmm... Your hand feels really nice...'",
                                  "|f|ChangeImageLayer|/|Expression|/|LovingBlush|n|'I'm going to have to be careful with you...'"]
                      },
                      {
                          "lineTrigger": "HitWith",
                          "move": ["Squeeze Ass", "Massage Ass", "Fondle Ass"],
                          "theText": [ "|f|ChangeImageLayer|/|Expression|/|Lewd|n|'Ohh...♥ You don't play fair-♥'",
                                    "|f|ChangeImageLayer|/|Expression|/|Lewd|n|'Mnn- If you keep doing that my legs are going to give out...♥'",
                                    "|f|ChangeImageLayer|/|Expression|/|Lewd|n|'My hips feel like they're going to melt.♥'",
                                  "|f|ChangeImageLayer|/|Expression|/|LovingBlush|n|'I think I'm going to fall for you at this rate...♥'"]
                      },
                      {
                        "lineTrigger": "HitWith",
                        "move": "Breast Caress",
                        "theText": [ "|f|ChangeImageLayer|/|Expression|/|LovingBlush|n|'Oh, a breast guy huh? Well grope to your heart's content!♥",
                                    "|f|ChangeImageLayer|/|Expression|/|LovingBlush|n|'Mmmm...♥'",
                                    "|f|ChangeImageLayer|/|Expression|/|LovingBlush|n|'Ahhhh...♥'",
                                    "|f|ChangeImageLayer|/|Expression|/|LovingBlush|n|'Your hands are so warm...'"]
                      },
                      {
                        "lineTrigger": "HitWith",
                        "move": ["Breast Massage", "Breast Knead", "Breast Fondle"],
                        "theText": [ "|f|ChangeImageLayer|/|Expression|/|LovingBlush|n|'Grope them as much as you want.♥'",
                                    "|f|ChangeImageLayer|/|Expression|/|LovingBlush|n|'I-I didn't know my breasts could feel this good...♥'",
                                    "|f|ChangeImageLayer|/|Expression|/|LovingBlush|n|'Ah! Mnnn...♥ I-I may have underestimated you...♥'",
                                    "|f|ChangeImageLayer|/|Expression|/|LovingBlush|n|'Your hands are so warm...'"]
                      },
                      {
                        "lineTrigger": "HitWith",
                        "move": "Suckle",
                        "theText": [ "|f|ChangeImageLayer|/|Expression|/|Lewd|n|'Eh?! H-Hey, I'm not a cow girl!'",
                                    "|f|ChangeImageLayer|/|Expression|/|Lewd|n|'I-I'm not lactating, so why ar- ahh...♥ Why does this- MMM!♥ Feel so good...?'",
                                    "|f|ChangeImageLayer|/|Expression|/|LovingBlush|n|'Y-Your tongue is so warm...♥'",
                                    "|f|ChangeImageLayer|/|Expression|/|Lewd|n|'Ahhh...♥ My nipple won't stop tingling!♥ C-Cut it out!♥'"]
                      },
                      {
                        "lineTrigger": "HitWith",
                        "move": ["Thrust", "Channeling Thrust"],
                        "theText": [ "|f|ChangeImageLayer|/|Expression|/|LewdDominant|n|'Come on! Harder!'",
                                    "|f|ChangeImageLayer|/|Expression|/|LewdDominant|n|'If that's all you got, you're in trouble!♥'",
                                    "|f|ChangeImageLayer|/|Expression|/|Lewd|n|'Mmmm...♥ Haaa...♥'"]
                      },
                      {
                        "lineTrigger": "HitWith",
                        "move": ["Pound", "Multi Thrust", "Empowered Thrust", "Carrying Fuck"],
                        "theText": [ "|f|ChangeImageLayer|/|Expression|/|Lewd|n|'I-I can t-take this!♥'",
                                    "|f|ChangeImageLayer|/|Expression|/|Lewd|n|'AAHHH!?♥ I can't think!♥'",
                                    "|f|ChangeImageLayer|/|Expression|/|Lewd|n|'M-More!♥ More!♥'"]
                      },

                      {
                        "lineTrigger": "HitWith",
                        "move": ["Tantric Thrust", "Passionate Lovemaking"],
                        "theText": [ "|f|ChangeImageLayer|/|Expression|/|Lewd|n|'Th-This is so in-intimate...♥'",
                                    "|f|ChangeImageLayer|/|Expression|/|Lewd|n|'W-We feel like real lovers...♥'",
                                    "|f|ChangeImageLayer|/|Expression|/|Lewd|n|'M-My head's going blank...♥'",
                                    "|f|ChangeImageLayer|/|Expression|/|Lewd|n|'Y-You keep hitting weird places...♥'"]
                      },
                      {
                          "lineTrigger": "HitWith",
                          "move": "Anal Penetration",
                          "theText": [ "|f|ChangeImageLayer|/|Expression|/|Lewd|n|'W-Where do you think you're putting tha-AHH!♥'",
                                      "|f|ChangeImageLayer|/|Expression|/|Lewd|n|'O-Oh no this is ba-AAAAmmm!♥'"]
                      },
                      {
                        "lineTrigger": "HitWithA",
                        "move": ["Thrust", "Channeling Thrust"],
                        "theText": [ "|f|ChangeImageLayer|/|Expression|/|Lewd|n|'EEE!♥ AAAHHH!♥'",
                                    "|f|ChangeImageLayer|/|Expression|/|Lewd|n|'MMM! I-I can't let this go on!' She lets out a pleasant gasp."]
                      },
                      {
                        "lineTrigger": "HitWithA",
                        "move": ["Pound", "Multi Thrust", "Empowered Thrust", "Carrying Fuck", "Anal Piston"],
                        "theText": [ "|f|ChangeImageLayer|/|Expression|/|Lewd|n|She moans incoherently.",
                                    "|f|ChangeImageLayer|/|Expression|/|Lewd|n|'I-I can't t-take this!♥'",
                                    "|f|ChangeImageLayer|/|Expression|/|MinorAhegao|n|'AAHHH!?♥ I can't think!♥'",
                                    "|f|ChangeImageLayer|/|Expression|/|MinorAhegao|n|'M-More!♥ More!♥'"]
                      },
                      {
                        "lineTrigger": "HitWithA",
                        "move": ["Tantric Thrust", "Passionate Lovemaking"],
                        "theText": [ "|f|ChangeImageLayer|/|Expression|/|Lewd|n|'Th-This is so in-intimate...♥'",
                                    "|f|ChangeImageLayer|/|Expression|/|Lewd|n|'W-We feel like real lovers...♥'",
                                    "|f|ChangeImageLayer|/|Expression|/|Lewd|n|'M-My head's going blank...♥'",
                                    "|f|ChangeImageLayer|/|Expression|/|Lewd|n|'Y-You keep hitting weird places...♥'"]
                      },


                      {
                          "lineTrigger": "UsesMove",
                          "move": "Handjob",
                          "theText": [ "|f|ChangeImageLayer|/|Expression|/|Smug|n|'Take this!'",
                                      "|f|ChangeImageLayer|/|Expression|/|Smug|n|'Tighter and tighter!'",
                                      "|f|ChangeImageLayer|/|Expression|/|Smug|n|'Can you keep up?'",
                                      "|f|ChangeImageLayer|/|Expression|/|Smug|n|'Am I too rough?'"]
                      },
                      {
                          "lineTrigger": "UsesMove",
                          "move": "Huntress' Pin",
                          "theText": [  "|f|ChangeImageLayer|/|Expression|/|Smug|n|'Got you now!'",
                                      "|f|ChangeImageLayer|/|Expression|/|Smug|n|'No escape now!'",
                                      "|f|ChangeImageLayer|/|Expression|/|Smug|n|'You're all mine!'"]
                      },
                      {
                          "lineTrigger": "UsesMove",
                          "move": "Restrained Insert",
                          "theText": [  "|f|ChangeImageLayer|/|Expression|/|Smug|n|'Alright, let's get started!'",
                                      "|f|ChangeImageLayer|/|Expression|/|Smug|n|'Hehehe, you're going to be sore tomorrow.♥'",
                                      "|f|ChangeImageLayer|/|Expression|/|LewdDominant|n|'Come on soulmate! Don't be scared, I'm only going to fuck you senseless.♥'",
                                      "|f|ChangeImageLayer|/|Expression|/|LovingBlush|n|'Mmmm,♥ this is going to be great.♥'"]
                      },
                      {
                          "lineTrigger": "UsesMove",
                          "move": "Pinch Nipples",
                          "theText": [ "|f|ChangeImageLayer|/|Expression|/|Smug|n|'Hey, does it hurt, or feel good?'",
                                      "|f|ChangeImageLayer|/|Expression|/|Smug|n|'Is this your weak spot?'",
                                      "|f|ChangeImageLayer|/|Expression|/|Smug|n|'It's okay to scream a little.♥'"]
                      },
                      {
                          "lineTrigger": "UsesMove",
                          "move": "Grind",
                          "theText": [ "|f|ChangeImageLayer|/|Expression|/|LovingBlush|n|'Hmmm, maybe I should take it easy on you?'",
                                      "|f|ChangeImageLayer|/|Expression|/|LewdDominant|n|'I can do this all day.♥'",
                                      "|f|ChangeImageLayer|/|Expression|/|LovingBlush|n|'Let's get a good pace going.♥'",
                                      "|f|ChangeImageLayer|/|Expression|/|LovingBlush|n|'Mmmm...♥ Soulmate, your cock is so warm inside me...♥'"]
                      },
                      {
                          "lineTrigger": "UsesMove",
                          "move": "Rough Ride",
                          "theText": [ "|f|ChangeImageLayer|/|Expression|/|LewdDominant|n|'Can you keep up with me?'",
                                      "|f|ChangeImageLayer|/|Expression|/|LewdDominant|n|'Am I too much for you?'",
                                      "|f|ChangeImageLayer|/|Expression|/|LewdDominant|n|'I wanna see you break!'",
                                      "|f|ChangeImageLayer|/|Expression|/|LewdDominant|n|'Aww, are you getting tired?'"]
                      },
                      {
                          "lineTrigger": "UsesMove",
                          "move": "Lizard Queen",
                          "theText": [ "|f|ChangeImageLayer|/|Expression|/|Smug|n|'You'll never forget {i}this{/i}, human!'",
                                      "|f|ChangeImageLayer|/|Expression|/|Smug|n|'You are no match for the power of my cunt.♥'",
                                      "|f|ChangeImageLayer|/|Expression|/|LewdDominant|n|'A good soulmate knows his place!'",
                                      "|f|ChangeImageLayer|/|Expression|/|LovingBlush|n|'Mmmm,♥ this is going to be great.♥'"]
                      },
                      {
                          "lineTrigger": "UsesMove",
                          "move": ["Lizard Face Grind", "Lizard Queening"],
                          "theText": [ "|f|ChangeImageLayer|/|Expression|/|LewdDominant|n|'I'll let you out for air {i}soon{/i}, human!'",
                                      "|f|ChangeImageLayer|/|Expression|/|LewdDominant|n|'Be sure to surrender {i}before{/i} you pass out!'",
                                      "|f|ChangeImageLayer|/|Expression|/|LewdDominant|n|'Lick me good, and {i}maybe{/i} I'll fuck you after!'",
                                      "|f|ChangeImageLayer|/|Expression|/|LewdDominant|n|'I {i}love{/i} watching you squirm down there!'"]
                      },
                      {
                          "lineTrigger": "UsesMove",
                          "move": "Lizard Tease",
                          "theText": [ "|f|ChangeImageLayer|/|Expression|/|Smug|n|'How long would your cock last inside me?'",
                                      "|f|ChangeImageLayer|/|Expression|/|Smug|n|'You {i}want{/i} this, don't you?♥'",
                                      "|f|ChangeImageLayer|/|Expression|/|Dominant|n|'I'm not going to give it to you!'",
                                      "|f|ChangeImageLayer|/|Expression|/|LewdDominant|n|'Maybe you should try begging for it!'"]
                      },
                      {
                          "lineTrigger": "LowHealth",
                          "move": "",
                          "theText": [ "|f|ChangeImageLayer|/|Expression|/|Lewd|n|'Ahhh if I don't win soon...'",
                            "|f|ChangeImageLayer|/|Expression|/|LovingBlush|n|'It would be such an honor to lose to this cock...'",
                            "|f|ChangeImageLayer|/|Expression|/|LovingBlush|n|'We must really be meant for each other...'"]
                      },
                      {
                          "lineTrigger": "PlayerLowHealth",
                          "move": "",
                          "theText": [ "|f|ChangeImageLayer|/|Expression|/|LewdDominant|n|'It's almost over, soulmate!'",
                                    "|f|ChangeImageLayer|/|Expression|/|LewdDominant|n|'Looks like you're about to cum!'",
                                    "|f|ChangeImageLayer|/|Expression|/|LovingBlush|n|'Soon we'll be together forever!♥'"]
                      },
                      {
                          "lineTrigger": "OnPlayerOrgasm",
                          "move": "Sex",
                          "theText": [ "|f|ChangeImageLayer|/|Expression|/|LewdDominant|n|With one last slam of her hips you blow your load inside her tight pussy. 'I'm going to make you mine!♥' The lizard woman continues to roughly fuck your aching shaft...",
                                      "|f|ChangeImageLayer|/|Expression|/|LewdDominant|n|She roughly pushes you down and slams her hips into yours as her hands roughly pinch and tease your nipples. You shudder and your eyes roll up as your cock fills her with your semen.",
                                      "|f|ChangeImageLayer|/|Expression|/|LewdLoving|n|'That's it soulmate! Give me your seed!' She roughly grinds her hips against yours and your balls tighten as they give her your cum. 'Yes! Admit it! We're destined for each other!'"

                                    ]
                      },
                      {
                          "lineTrigger": "OnPlayerOrgasm",
                          "move": "Anal",
                          "theText": [ "|f|ChangeImageLayer|/|Expression|/|LewdDominant|n|With one last slam of her hips you blow your load inside her tight ass. 'I'm going to make you mine!♥' The lizard woman continues to roughly fuck your aching shaft...",
                                      "|f|ChangeImageLayer|/|Expression|/|LewdLoving|n|'That's it soulmate! Give me your seed!' She roughly grinds her hips against yours and your balls tighten as they give her your cum. 'Yes! Admit it! We're destined for each other!'"

                                    ]
                      },
                      {
                          "lineTrigger": "OnPlayerOrgasm",
                          "move": "",
                          "theText": [ "|f|ChangeImageLayer|/|Expression|/|LewdDominant|n|Unable to hold back any longer, you groan as your shoot your load, landing on the excited lizard girl. 'You are getting closer and closer to losing, human!♥'",
                                      "|f|ChangeImageLayer|/|Expression|/|LewdDominant|n|'Go on! Lose to me!♥' She tightly grabs your shaft and powerfully strokes it, quickly sending you over the edge."
                                    ]
                      },
                      {
                          "lineTrigger": "OnPlayerOrgasm",
                          "move": "Lizard Tease",
                          "theText": [ "|f|ChangeImageLayer|/|Expression|/|LewdDominant|n|'Uh-oh, I don't think he can wait any longer!♥' Your cock spews hot semen all over her pelvic area!",
                                      "|f|ChangeImageLayer|/|Expression|/|Dominant|n|The monster gives a surprised laugh as your cock shoots cum right onto her pussy lips! 'Wow, you just could not {i}wait{/i}, could you? You are in {size=+10}big{/size} trouble!♥'"
                                    ]
                      },
                      {
                          "lineTrigger": "OnPlayerOrgasm",
                          "move": "Face Sit",
                          "theText": [ "|f|ChangeImageLayer|/|Expression|/|Dominant|n|'You are destined to lose!♥' Your cock throbs from her aggressive face grinding, aching for release. She bends down and gently nibbles your shaft with her sharp teeth, causing you to spurt on her face!",
                                      "|f|ChangeImageLayer|/|Expression|/|LewdDominant|n|'What chance do you think you have against this cunt?♥' Your cock shudders, yearning to be buried inside her tight pussy. She flicks it with one of her claws and it erupts all over you!"
                                    ]
                      },
                      {
                          "lineTrigger": "OnOrgasm",
                          "move": "",
                          "theText": [ "|f|ChangeImageLayer|/|Expression|/|Lewd|n|'AAAHH! V-Victory is... Y-Yours!♥'",
                                      "|f|ChangeImageLayer|/|Expression|/|Lewd|n|'You r-really are a hero!♥ MMMMMMNNNN!♥'",
                                      "|f|ChangeImageLayer|/|Expression|/|Lewd|n|'Yes! YES! AAHHHhhh!♥'"
                                    ]
                      },
                      {
                          "lineTrigger": "OnSurrender",
                          "move": "",
                          "theText": [ "|f|ChangeImageLayer|/|Expression|/|Dominant|n|'I'm glad you see me as the better warrior.♥'",
                                      "|f|ChangeImageLayer|/|Expression|/|Smug|n|'You do know I'm going to fuck you senseless, right?'"
                                    ]
                      },
                      {
                          "lineTrigger": "StanceStruggle",
                          "move": "Anal",
                          "theText": [ "[ThePlayerName] tries to pull out of the [AttackerName]'s tight ass..."]
                      },
                      {
                          "lineTrigger": "StanceStruggleFail",
                          "move": "Anal",
                          "theText": [ "But she roughly pushes her hips into your groin and starts to grind against your shaft!",
                                    "But as you try to push her away, her tail lovingly wraps around your waist and pulls you back into her firm rear!"]
                      },
                      {
                          "lineTrigger": "StanceStruggleComment",
                          "move": "Anal",
                          "theText": [ "",
                                    "|f|ChangeImageLayer|/|Expression|/|Lewd|n|'I feel so good!♥",
                                      "|f|ChangeImageLayer|/|Expression|/|Lewd|n|'Thrust as hard as you can! Make me yours!'"]
                      },
                      {
                          "lineTrigger": "StanceStruggleFree",
                          "move": "Anal",
                          "theText": [ "And pull free from the [AttackerName]'s firm rear!"]
                      },
                      {
                          "lineTrigger": "StanceStruggleFreeComment",
                          "move": "Anal",
                          "theText": [ "|f|ChangeImageLayer|/|Expression|/|Lewd|n|'Ahhh... Why did you stop?' Her face is very flushed.",
                                    "|f|ChangeImageLayer|/|Expression|/|Lewd|n|'P-Put it back in!♥'",
                                    "|f|ChangeImageLayer|/|Expression|/|Lewd|n|She lets out a relieved gasp."]
                      },
                      {
                          "lineTrigger": "StanceStruggle",
                          "move": "Sex",
                          "theText": [ "[ThePlayerName] tries to pull out of the [AttackerName]'s tight pussy..."]
                      },
                      {
                          "lineTrigger": "StanceStruggleFail",
                          "move": "Sex",
                          "theText": [ "But she roughly pushes you down and starts to ride your shaft!",
                                    "But as you try to push her away, she roughly grabs your arms and pulls you back into her!"]
                      },
                      {
                          "lineTrigger": "StanceStruggleComment",
                          "move": "Sex",
                          "theText": [ "",
                                    "|f|ChangeImageLayer|/|Expression|/|LewdDominant|n|'I love you too much to let you stop!♥'",
                                      "|f|ChangeImageLayer|/|Expression|/|LewdDominant|n|'Where do you think you're going, soulmate?♥'"]
                      },
                      {
                          "lineTrigger": "StanceStruggleFree",
                          "move": "Sex",
                          "theText": [ "And pull free from the [AttackerName]'s wet slit!",
                                      "And pull away from the [AttackerName]'s tight snatch!"]
                      },
                      {
                          "lineTrigger": "StanceStruggleFreeComment",
                          "move": "Sex",
                          "theText": [ "|f|ChangeImageLayer|/|Expression|/|LewdDominant|n|'What's wrong? Am I too much for you, soulmate?'",
                                    "|f|ChangeImageLayer|/|Expression|/|Smug|n|'Put it back in, or I'm going to make you!♥'"]
                      },
                      {
                          "lineTrigger": "StanceStruggle",
                          "move": "Making Out",
                          "theText": [ "[ThePlayerName] tries to pull away from the [AttackerName]..."]
                      },
                      {
                          "lineTrigger": "StanceStruggleFail",
                          "move": "Making Out",
                          "theText": [ "But she keeps her arms tightly wrapped around the back of [ThePlayerName]'s neck, keeping [TargetHimOrHer] in a locked in an romantic makeout session!"]
                      },
                      {
                          "lineTrigger": "StanceStruggleComment",
                          "move": "Making Out",
                          "theText": [ "",
                                    "|f|ChangeImageLayer|/|Expression|/|LewdDominant|n|'I love you too much to let you stop!'",
                                    "|f|ChangeImageLayer|/|Expression|/|LewdLoving|n|'C'mon soulmate! Let's make out even more!♥'"]
                      },
                      {
                          "lineTrigger": "StanceStruggleFree",
                          "move": "Making Out",
                          "theText": [ "And pull free from the [AttackerName]'s lips!"]
                      },
                      {
                          "lineTrigger": "StanceStruggleFreeComment",
                          "move": "Making Out",
                          "theText": [ "|f|ChangeImageLayer|/|Expression|/|LovingBlush|n|'Ahhh...♥ We felt like total lovers...'",
                                      ""]
                      },
                      {
                          "lineTrigger": "StanceStruggle",
                          "move": "Face Sit",
                          "theText": [ "You try to push [AttackerName]'s curvy rear off your face..."]
                      },
                      {
                          "lineTrigger": "StanceStruggleFail",
                          "move": "Face Sit",
                          "theText": [ "But she firmly grinds her rear back down into your mouth!",
                                      "But she grabs your head with her clawed hands and forces you to service her wet pussy!",
                                      "But she grabs your hands and pulls them up to her chest, forcing you to grope her big tits!",
                                      "But she grabs your hands and presses them against her firm, toned ass!",
                                      "But she laughs as she uses the strength of her thighs to immobilize your head!",
                                      "But as you start to push her off, she grabs your arms and throws them to your sides as she proceeds to plop her firm rear back onto your face!"]
                      },
                      {
                          "lineTrigger": "StanceStruggleComment",
                          "move": "Face Sit",
                          "theText": [ "",
                                      "|f|ChangeImageLayer|/|Expression|/|LewdDominant|n|'You're not finished servicing me!♥'",
                                      "|f|ChangeImageLayer|/|Expression|/|Dominant|n|'What's wrong? Is your head blanking out?♥'",
                                      "|f|ChangeImageLayer|/|Expression|/|Dominant|n|'You're not getting away!♥",
                                      "|f|ChangeImageLayer|/|Expression|/|LewdDominant|n|'Where do you think you're going, soulmate?♥'"]
                      },
                      {
                          "lineTrigger": "StanceStruggleFree",
                          "move": "Face Sit",
                          "theText": [ "And manage to push [AttackerName]'s shapely rear away!",
                                    "And as you free yourself from [AttackerName]'s firm behind, you gasp for some air!"]
                      },
                      {
                          "lineTrigger": "StanceStruggleFreeComment",
                          "move": "Face Sit",
                          "theText": [ "|f|ChangeImageLayer|/|Expression|/|LewdDominant|n|'I guess this means you're ready to get fucked!'",
                                    "|f|ChangeImageLayer|/|Expression|/|Smug|n|'You need to put your cock in it now, don't you?'",
                                    "|f|ChangeImageLayer|/|Expression|/|Dominant|n|'I hope my pussy-power didn't scare you too much!'",
                                    "|f|ChangeImageLayer|/|Expression|/|LewdDominant|n|'You look so pathetic getting crushed by my cunt!'",
                                    "|f|ChangeImageLayer|/|Expression|/|Smug|n|'Sorry, did you need some air?♥'"]
                      },

                      {
                          "lineTrigger": "RestraintStruggle",
                          "move": "Restrained Insert",
                          "theText": [ "[TargetName] struggles against [AttackerName]'s grip while trying to ignore the intense sensations of her hips bouncing on his manhood..."]
                      },
                      {
                          "lineTrigger": "RestraintStruggleCharmed",
                          "move": "Restrained Insert",
                          "theText": [ "[TargetName] squirms against [AttackerName]'s grip, barely managing to resist the lizard woman's aggressive lovemaking..."]
                      },
                      {
                          "lineTrigger": "RestraintEscaped",
                          "move": "Restrained Insert",
                          "theText": [ "And manages to break free of [AttackerName]'s hold, but his cock is still getting roughly used by the lizard woman's tight pussy...",
                                      "And manages to break free from [AttackerName]'s hold, but the lizard woman grins down at you as she continues to slam her hips into yours, sending pleasure reverberating through your pleasantly sore groin."]
                      },
                      {
                          "lineTrigger": "RestraintEscapedFail",
                          "move": "Restrained Insert",
                          "theText": [ "But remains pinned by [AttackerName]! She grins triumphantly down at [TargetName] as she continues to roughly fuck his manhood.",
                                      "But you lose focus from the waves of pleasure cascading through your body as the lizard girl slams her hips down onto yours.",
                                    "Still pinned under the lizard woman, [TargetName] can only do his best to endure her tight pussy roughly fucking his shaft."]
                      },

                      {
                          "lineTrigger": "RestraintStruggle",
                          "move": "Lizard Queen",
                          "theText": [ "[TargetName] struggles against [AttackerName]'s grip while trying to ignore the muscled orifice roughly grinding on his face..."]
                      },
                      {
                          "lineTrigger": "RestraintStruggleCharmed",
                          "move": "Lizard Queen",
                          "theText": [ "[TargetName] squirms against [AttackerName]'s grip, barely managing to resist the lizard woman's aggressive queening..."]
                      },
                      {
                          "lineTrigger": "RestraintEscaped",
                          "move": "Lizard Queen",
                          "theText": [ "And manages to break free of [AttackerName]'s hold, but she slams her pussy down onto his face...",
                                      "And manages to break free of [AttackerName]'s hold, but he still licks and kisses at her honepot submissively...",
                                      "And manages to break free from [AttackerName]'s hold, but the lizard woman grins down at him as she continues to force him to lick her pussy."]
                      },
                      {
                          "lineTrigger": "RestraintEscapedFail",
                          "move": "Lizard Queen",
                          "theText": [ "But remains pinned by [AttackerName]! She grins triumphantly down at [TargetName] as she continues to roughly pussy-fuck his face.",
                                      "But loses focus, awash in blissful submission, completely content with his current situation.",
                                      "Still pinned under the lizard woman, [TargetName] can only moan into her pussy while struggling to breathe."]
                      }
                    ],
"victoryScenes": [
      {
          "NameOfScene": "",
          "move": "",
          "stance": "",
          "includes": [ ""],
          "theScene": [ ""
                    ],
          "picture": ""
      }
    ],
    "pictures": [
                  {
                      "Name": "Expression",
                      "StartOn": "1",
                      "AlwaysOn": "1",
                      "IsScene": "0",
                      "TheBody": "1",
                      "Overlay": "No",
                      "setXalign": "0.0",
                      "setYalign": "0.21",
                      "Images": [
                        {
                            "Name": "Base",
                            "File": "Monsters/Lizard Girl/Lizard_Girl_Base.png",
                            "setXalign": "0.0",
                            "setYalign": "0.0"
                        },
                        {
                            "Name": "Annoyed",
                            "File": "Monsters/Lizard Girl/Lizard_Girl_Annoyed.png",
                            "setXalign": "0.0",
                            "setYalign": "0.0"
                        },
                        {
                            "Name": "Dominant",
                            "File": "Monsters/Lizard Girl/Lizard_Girl_Dominant.png",
                            "setXalign": "0.0",
                            "setYalign": "0.0"
                        },
                        {
                            "Name": "Smug",
                            "File": "Monsters/Lizard Girl/Lizard_Girl_Smug.png",
                            "setXalign": "0.0",
                            "setYalign": "0.0"
                        },
                        {
                            "Name": "Loving",
                            "File": "Monsters/Lizard Girl/Lizard_Girl_Loving.png",
                            "setXalign": "0.0",
                            "setYalign": "0.0"
                        },
                        {
                            "Name": "Tempting",
                            "File": "Monsters/Lizard Girl/Lizard_Girl_Tempting.png",
                            "setXalign": "0.0",
                            "setYalign": "0.0"
                        },
                        {
                            "Name": "LovingBlush",
                            "File": "Monsters/Lizard Girl/Lizard_Girl_Loving_Blush.png",
                            "setXalign": "0.0",
                            "setYalign": "0.0"
                        },
                        {
                            "Name": "Lewd",
                            "File": "Monsters/Lizard Girl/Lizard_Girl_Lewd.png",
                            "setXalign": "0.0",
                            "setYalign": "0.0"
                        },
                        {
                            "Name": "LewdDominant",
                            "File": "Monsters/Lizard Girl/Lizard_Girl_Dominant_Lewd.png",
                            "setXalign": "0.0",
                            "setYalign": "0.0"
                        },
                        {
                            "Name": "LewdLoving",
                            "File": "Monsters/Lizard Girl/Lizard_Girl_Loving_Lewd.png",
                            "setXalign": "0.0",
                            "setYalign": "0.0"
                        },

                        {
                            "Name": "MinorAhegao",
                            "File": "Monsters/Lizard Girl/Lizard_Girl_Ahegao_Minor.png",
                            "setXalign": "0.0",
                            "setYalign": "0.0"
                        },
                        {
                            "Name": "Ahegao",
                            "File": "Monsters/Lizard Girl/Lizard_Girl_Ahegao.png",
                            "setXalign": "0.0",
                            "setYalign": "0.0"
                        }
                    ]
                  }
                ]
}
