{
    "name": "Imp",
    "IDname": "Imp",
    "Addition": "Yes",
    "skillList": [ ""],
    "perks": [ ""],
    "skillList": [ ""],
    "perks": [ ""],
    "ItemDropList": [
    ],
    "lossScenes": [
    ],
    "combatDialogue": [
                        {
                            "lineTrigger": "HitWith",
                            "move": "Short Whip",
                            "theText": [ "|f|ChangeImageLayer|/|Blush|/|LightBlush|n||f|ChangeImageLayer|/|Expression|/|Panic|n|'EEEK!♥'",
                                        "|f|ChangeImageLayer|/|Blush|/|LightBlush|n||f|ChangeImageLayer|/|Expression|/|Shy|n|'H-Hey! D-Don't bully me!'",
                                        "|f|ChangeImageLayer|/|Blush|/|Blush|n||f|ChangeImageLayer|/|Expression|/|Pleasured|n|'J-Just because you're stronger-♥'"
                                        ]
                        },
                        {
                            "lineTrigger": "HitWith",
                            "move": [ "True Holy Water", "Holy Cross"],
                            "theText": [ "|f|ChangeImageLayer|/|Blush|/|Blush|n||f|ChangeImageLayer|/|Expression|/|Pleasured|n|'M-My legs feel like they're going to give out...♥'",
                                      "|f|ChangeImageLayer|/|Blush|/|LightBlush|n||f|ChangeImageLayer|/|Expression|/|Orgasm|n|'W-Whaaaa-EEEEEE?!♥'",
                                      "|f|ChangeImageLayer|/|Blush|/|Blush|n||f|ChangeImageLayer|/|Expression|/|Shy|n|'Wh-Whoa, th-that's intense...'",
                                      "|f|ChangeImageLayer|/|Blush|/|LightBlush|n||f|ChangeImageLayer|/|Expression|/|Shy|n|'I- Uh, can you do that again!?♥'",
                                      "|f|ChangeImageLayer|/|Blush|/|Blush|n||f|ChangeImageLayer|/|Expression|/|Panic|n|'C-Can I seriously cum without being touched?'"]
                        },
                        {
                            "lineTrigger": "HitWith",
                            "move": "Intimidate",
                            "theText": [ "|f|ChangeImageLayer|/|Blush|/|Blush|n||f|ChangeImageLayer|/|Expression|/|Panic|n|'W-Weirdo...'",
                                      "|f|ChangeImageLayer|/|Blush|/|Blush|n||f|ChangeImageLayer|/|Expression|/|Cooing|n|'Why don't you send me back where I belong, tough guy?'",
                                      "|f|ChangeImageLayer|/|Blush|/|Blush|n||f|ChangeImageLayer|/|Expression|/|Shy|n|'You're uh... Really hot...'",
                                      "|f|ChangeImageLayer|/|Blush|/|Blush|n||f|ChangeImageLayer|/|Expression|/|Smile|n|'So you're gonna fuck me now, right?♪'",
                                      "|f|ChangeImageLayer|/|Blush|/|Blush|n||f|ChangeImageLayer|/|Expression|/|LipLick|n|'You better feed me lots.♥'" ]
                        },
                        {
                          "lineTrigger": "HitWith",
                          "move": "Holy Net",
                          "theText": [ "|f|ChangeImageLayer|/|Expression|/|Panic|n|'H-Hold on a sec!'",
                                     "|f|ChangeImageLayer|/|Expression|/|ComicalPanic|n|'Uhm, ah... H-Help? Anyone?'",
                                     "|f|ChangeImageLayer|/|Blush|/|LightBlush|n||f|ChangeImageLayer|/|Expression|/|Panic|n|'Ah-Ahaha, m-mercy?'"]
                        },
                        {
                          "lineTrigger": "HitWith",
                          "move": ["Dart", "Holy Aura"],
                          "theText": [ "|f|ChangeImageLayer|/|Blush|/|Blush|n||f|ChangeImageLayer|/|Expression|/|Panic|n|'I-I really didn't need to be {i}more{/i} aroused!'",
                                     "|f|ChangeImageLayer|/|Expression|/|Pleasured|n|'Ahhh, that just made me really hungry!'"]
                        }
                  ],
  "victoryScenes": [
        ],
        "pictures": [
        ]
}
