{
    "name": "Matango",
    "IDname": "Matango",
    "Addition": "Yes",
    "skillList": [ ""],
    "perks": [ ""],
    "skillList": [ ""],
    "perks": [ ""],
    "ItemDropList": [
    ],
    "lossScenes": [
    ],
    "combatDialogue": [
                        {
                          "lineTrigger": "HitWith",
                          "move": ["True Holy Water", "Holy Cross", "Dart", "Holy Aura"],
                          "theText": [ "|f|ChangeImageLayer|/|Expression|/|Submissive|n|'AHH?!♥ W-Whoa...'",
                                      "|f|ChangeImageLayer|/|Expression|/|Drunk|n|'I-I feel like I'm melting!♥'",
                                      "|f|ChangeImageLayer|/|Expression|/|Drunk|n|'MMMHH!?!♥'"]
                        },
                        {
                            "lineTrigger": "HitWith",
                            "move": ["Short Whip"],
                            "theText": [ "|f|ChangeImageLayer|/|Expression|/|Base|n|'Ah?! A-Are you mad at me? I-I'm sorry...'",
                                        "|f|ChangeImageLayer|/|Expression|/|Base|n|'Uhm, ah... S-Sorry.'"
                                        ]
                        },
                        {
                          "lineTrigger": "HitWith",
                          "move": ["Holy Net"],
                          "theText": [ "|f|ChangeImageLayer|/|Expression|/|Base|n|'I guess I can't bother you like this...'",
                                     "|f|ChangeImageLayer|/|Expression|/|Concern|n|'Oh... Uhm... D-Don't look at me... T-This is embarrassing...'"]
                        },
                        {
                          "lineTrigger": "HitWith",
                          "move": ["Intimidate"],
                          "theText": [ "|f|ChangeImageLayer|/|Expression|/|Panic|n|'I-I'm sorry- I-I'm not really trying to...'",
                                      "|f|ChangeImageLayer|/|Expression|/|Panic|n|'Y-You should probably just run away.'" ]
                        }
                      ],
  "victoryScenes": [
                    ],
                    "pictures": [
                    ]
}
