{
    "name": "Mika",
    "IDname": "Mika",
    "Addition": "Yes",
    "skillList": [ ""],
    "perks": [ ""],
    "skillList": [ ""],
    "perks": [ ""],
    "ItemDropList": [
    ],
    "lossScenes": [
    ],
    "combatDialogue": [
                        {
                            "lineTrigger": "HitWith",
                            "move": "Short Whip",
                            "theText": [ "|f|ChangeImageLayer|/|Expression|/|Angry|n|'Okay, you're taking 'punish' a bit too literally.'",
                                        "|f|ChangeImageLayer|/|Expression|/|Angry|n|'Nya?! Hey hey, knock it off!'",
                                        "|f|ChangeImageLayer|/|Expression|/|Angry|n|'Can you fuck off with that?! If you want to get rough, spank my ass!'"
                                        ]
                        },
                        {
                            "lineTrigger": "HitWith",
                            "move": "Holy Cross",
                            "theText": [ "|f|ChangeImageLayer|/|Expression|/|Submissive|n|'I feel so warm...'",
                                        "|f|ChangeImageLayer|/|Expression|/|Submissive|n|'Nyaaa...♥ I can't think straight...♥'",
                                        "|f|ChangeImageLayer|/|Expression|/|Submissive|n|'Mmmmmm.♥'",
                                        "|f|ChangeImageLayer|/|Expression|/|Submissive|n|'Prrrrrr♥♥♥'"
                                        ]
                        },
                        {
                            "lineTrigger": "HitWith",
                            "move": "True Holy Water",
                            "theText": [ "|f|ChangeImageLayer|/|Expression|/|Angry|n|'NYAAA?! Don't you dare do that again!'",
                                        "|f|ChangeImageLayer|/|Expression|/|Angry|n|'MROAW!? Y-You asshole!'",
                                        "|f|ChangeImageLayer|/|Expression|/|Angry|n|'Can you fuck off with that?! If you want to get rough, spank my ass!'"
                                        ]
                        },
                        {
                            "lineTrigger": "HitWith",
                            "move": "Intimidate",
                            "theText": [ "|f|ChangeImageLayer|/|Expression|/|Smile|n|'Well, aren't you a flirt. Nya.'",
                                        "|f|ChangeImageLayer|/|Expression|/|Smile|n|'Hmmmmm.♥'",
                                        "|f|ChangeImageLayer|/|Expression|/|Smile|n|'You're getting me all hot and bothered nya.♥'",
                                        "|f|ChangeImageLayer|/|Expression|/|Smile|n|'You're a sweet talker, aren't you nya?♥'",
                                        "|f|ChangeImageLayer|/|Expression|/|Smile|n|'But your cock belongs in my ass, nya.♥'"
                                        ]
                        },
                        {
                          "lineTrigger": "HitWith",
                          "move": "Holy Net",
                          "theText": [ "|f|ChangeImageLayer|/|Expression|/|Flustered|n|'H-Hehe, more of a rope guy than a stockade guy?'",
                                     "|f|ChangeImageLayer|/|Expression|/|Beg|n|'Nya?! Uhh... Could you please let me go n-nya?'",
                                     "|f|ChangeImageLayer|/|Expression|/|NyaNya|n|'Going to punish my ass now, nya?'",
                                     "|f|ChangeImageLayer|/|Expression|/|NyaNya|n|'S-So what are you planning to do with me nya? Going to fuck my tight ass?'",
                                     "|f|ChangeImageLayer|/|Expression|/|Beg|n|'Nya?! Uhh... Could you please let me go n-nya?'"]
                        },
                        {
                          "lineTrigger": "HitWith",
                          "move": "Dart",
                          "theText": [ "|f|ChangeImageLayer|/|Expression|/|Shock|n|'Nya?!'",
                                     "|f|ChangeImageLayer|/|Expression|/|Angry|n|'Did you seriously just!-'|f|ChangeImageLayer|/|Expression|/|Submissive|n|'Oh, that was an aphrodisiac...'",
                                     "|f|ChangeImageLayer|/|Expression|/|Submissive|n|'D-Damn it... Now I just want to fuck...♥'"]
                        },
                        {
                          "lineTrigger": "HitWith",
                          "move": "Holy Aura",
                          "theText": [ "|f|ChangeImageLayer|/|Expression|/|Shock|n|'Nya?!'",
                                     "|f|ChangeImageLayer|/|Expression|/|Submissive|n|'D-Damn it... Now I just want to fuck...♥'"]
                        }
                      ],
  "victoryScenes": [
        ],
        "pictures": [
        ]
}
