{
    "name": "Sofia",
    "IDname": "Sofia",
    "Addition": "Yes",
    "skillList": [ ""],
    "perks": [ ""],
    "skillList": [ ""],
    "perks": [ ""],
    "ItemDropList": [
    ],
    "lossScenes": [
    ],
    "combatDialogue": [
                        {
                            "lineTrigger": "HitWith",
                            "move": "Short Whip",
                            "theText": [ "|f|ChangeImageLayer|/|Expression|/|Dismissive|n|'Mm? That wouldn't even wake me up.'",
                                        "|f|ChangeImageLayer|/|Expression|/|Smug|n|'Hmmm,maybe I should turn you into my pet, you'd look good with a collar.'",
                                        "|f|ChangeImageLayer|/|Expression|/|Amused|n|'You call {i}that{/i} dominant?'",
                                        "|f|ChangeImageLayer|/|Expression|/|Bored|n|She yawns out of apparent boredom."
                                        ]
                        },
                        {
                          "lineTrigger": "HitWith",
                          "move": ["Holy Cross", "True Holy Water"],
                          "theText": [ "|f|CallCombatEventAndScene|/|SofiaCombatEvents|/|DemonLayerResponse|/|"]
                        },
                        {
                            "lineTrigger": "HitWith",
                            "move": "Intimidate",
                            "theText": [ "|f|ChangeImageLayer|/|Expression|/|Seductive|n|'Mmmmm... Really? Think you can back that up?'",
                                          "|f|ChangeImageLayer|/|Expression|/|Amused|n|'You can do better than that, can't you?'",
                                          "|f|ChangeImageLayer|/|Expression|/|Bored|n|She yawns out of apparent boredom.",
                                          "|f|ChangeImageLayer|/|Expression|/|Smug|n|'Hmmm...'"]
                        },
                        {
                          "lineTrigger": "Escape",
                          "move": ["Invisibility", "Shoryuken"],
                          "theText": [ "|f|ChangeImageLayer|/|Expression|/|Bored|n|'Eh, that was getting boring anyways.'",
                                        "|f|ChangeImageLayer|/|Expression|/|Amused|n|'You know I {i}let{/i} you go, right?'",
                                        "|f|ChangeImageLayer|/|Expression|/|Dismissive|n|'{i}Oh no, you escaped.{/i}'"]
                        },
                        {
                          "lineTrigger": "HitWith",
                          "move": "Holy Net",
                          "theText": [ "|f|ChangeImageLayer|/|Expression|/|Amused|n|'Oh? I'm amazed you managed to pull that off. Shame it won't buy you much time.'"]
                        }
                      ],
  "victoryScenes": [
        ],
        "pictures": [
        ]
}
