{
    "name": "Lizard Tease",
    "cost": "0",
    "costType": "ep",
    "requiredLevel": "0",
    "learningCost": "0",
    "skillType": "attack",
    "statType": "Core",
    "requiredStat": "0",
    "skillTags": [ "Sex", "Seduction"],
    "fetishTags": [ "Sex"],
    "startsStance": "",
    "requiresStance": "Any",
    "unusableIfStance": [ "Any"],
    "requiresTargetStance": [ "Any"],
    "unusableIfTarget": [ "Penetration", "Tailjob", "Footjob", "Tail Fuck"],
    "removesStance": "None",
    "requiresStatusEffect": "Restrain",
    "requiresStatusPotency": "0",
    "unusableIfStatusEffect": [ "None"],
    "power": "15",
    "minRange": "90",
    "maxRange": "110",
    "recoil": "10",
    "targetType": "single",
    "statusEffect": "Charm",
    "statusChance": "35",
    "statusDuration": "3",
    "statusPotency": "0",
    "statusResistedBy": "Willpower",
    "statusText": "",
    "descrip": "Cock tease a restrained opponent.",
    "outcome": "[AttackerName] inserts the tip of [TargetName]'s rigid shaft into [AttackerHisOrHer] wet pussy, only to take it out and rub it against her clit!",
    "miss": "[AttackerName] teases [TargetName]'s cock with [AttackerHisOrHer] wet pussy, but [TargetHeOrShe] ignores the temptation!",
    "statusOutcome": "[TargetName]'s squirms helplessly beneath [AttackerName]'s powerful thighs as [TargetHeOrShe] begs [AttackerHimOrHer] to put it in! [TargetName] is charmed!",
    "statusMiss": "",
    "restraintStruggle": "",
    "restraintStruggleCharmed": "",
    "restraintEscaped": "",
    "restraintEscapedFail": ""
}
