{
    "name": "Lizard Face Grind",
    "cost": "0",
    "costType": "ep",
    "requiredLevel": "0",
    "learningCost": "0",
    "skillType": "attack",
    "statType": "Allure",
    "requiredStat": "0",
    "skillTags": [ "Mouth"],
    "fetishTags": [ "Ass","Sex"],
    "startsStance": "",
    "requiresStance": "Face Sit",
    "unusableIfStance": [ "Penetration", "Making Out"],
    "requiresTargetStance": [ "Any"],
    "unusableIfTarget": [ "Making Out"],
    "removesStance": "None",
    "requiresStatusEffect": "None",
    "requiresStatusPotency": "0",
    "unusableIfStatusEffect": [ "None"],
    "power": "25",
    "minRange": "90",
    "maxRange": "110",
    "recoil": "25",
    "targetType": "single",
    "statusEffect": "None",
    "statusChance": "0",
    "statusDuration": "0",
    "statusPotency": "0",
    "statusResistedBy": "",
    "statusText": "",
    "descrip": "",
    "outcome": "[AttackerName] grinds her wet pussy into [TargetName]'s face, forcing [TargetHimOrHer] to lick at her sex...",
    "miss": "[AttackerName] grinds her wet pussy into [TargetName]'s face, but [TargetName] manages to briefly push [AttackerHimOrHer] away!",
    "statusOutcome": "",
    "statusMiss": "",
    "restraintStruggle": "",
    "restraintStruggleCharmed": "",
    "restraintEscaped": "",
    "restraintEscapedFail": ""
}
