{
    "name": "Lizard Queen",
    "cost": "0",
    "costType": "ep",
    "requiredLevel": "0",
    "learningCost": "0",
    "skillType": "attack",
    "statType": "Power",
    "requiredStat": "0",
    "skillTags": [ "Mouth", "Pain"],
    "fetishTags": [ "Sex", "Ass"],
    "startsStance": "Face Sit",
    "requiresStance": "Any",
    "unusableIfStance": [ "Any"],
    "requiresTargetStance": [ "Any"],
    "unusableIfTarget": [ "Face Sit", "Making Out"],
    "removesStance": "None",
    "requiresStatusEffect": "Restrain",
    "requiresStatusPotency": "0",
    "unusableIfStatusEffect": [ "None"],
    "power": "15",
    "minRange": "90",
    "maxRange": "110",
    "recoil": "20",
    "targetType": "single",
    "statusEffect": "None",
    "statusChance": "0",
    "statusDuration": "0",
    "statusPotency": "0",
    "statusResistedBy": "",
    "statusText": "",
    "descrip": "",
    "outcome": "[AttackerName] sits on [TargetName]'s face, pressing [AttackerHisOrHer] wet pussy into [TargetHisOrHer] mouth and holding [TargetHimOrHer] down with [AttackerHisOrHer] clawed hands and strong legs.",
    "miss": "[AttackerName] overpowers [TargetName] and tries to sit on [TargetHisOrHer] face, but [TargetName] somehow manages to squirm away!",
    "statusOutcome": "",
    "statusMiss": "",
    "restraintStruggle": "",
    "restraintStruggleCharmed": "",
    "restraintEscaped": "",
    "restraintEscapedFail": ""
}
