{
    "name": "Invisibility",
    "cost": "25",
    "costType": "ep",
    "requiredLevel": "0",
    "learningCost": "2500",
    "skillType": "statusEffect",
    "statType": "Intelligence",
    "requiredStat": "40",
    "skillTags": [ "Magic", "Escape"],
    "fetishTags": [ ""],
    "startsStance": "",
    "requiresStance": "Any",
    "unusableIfStance": [ ""],
    "requiresTargetStance": [ "Any"],
    "unusableIfTarget": [ ""],
    "removesStance": "",
    "requiresStatusEffect": "None",
    "requiresStatusPotency": "0",
    "unusableIfStatusEffect": [ "None"],
    "power": "0",
    "minRange": "0",
    "maxRange": "0",
    "recoil": "0",
    "targetType": "Escape",
    "statusEffect": "Escape",
    "statusChance": "70",
    "statusDuration": "0",
    "statusPotency": "1",
    "statusResistedBy": "",
    "statusText": "",
    "descrip": "Disappear for a few moments, freeing yourself from any restraints or grasps. Removes all stances and restraints.",
    "outcome": "",
    "miss": "",
    "statusOutcome": "[AttackerName] fades away for a few moments, using the opportunity to escape!",
    "statusMiss": "[AttackerName] fades away for a few moments, but fails to escape before the effect dissipates!",
    "restraintStruggle": "",
    "restraintStruggleCharmed": "",
    "restraintEscaped": "",
    "restraintEscapedFail": ""
}
