{
    "name": "Minotaur",
    "IDname": "Minotaur",
    "Addition": "Yes",
    "perks": [ ""],
    "skillList": [ ""],
    "perks": [ ""],
    "ItemDropList": [
    ],
    "lossScenes": [
    ],
    "combatDialogue": [
                        {
                          "lineTrigger": "HitWith",
                          "move": "Short Whip",
                          "theText": [ "|f|ChangeImageLayer|/|Expression|/|Smug|n|'Oh, think you can tame me or something?!'",
                                      "|f|ChangeImageLayer|/|Frown|/|Base|n|'Are you trying to piss me off?'",
                                      "|f|ChangeImageLayer|/|Expression|/|Base|n|'I've been hit with way worse.'"]
                        },
                        {
                          "lineTrigger": "HitWith",
                          "move": ["Holy Net"],
                          "theText": [ "|f|ChangeImageLayer|/|Expression|/|Base|n|'This won't hold me for long!'",
                                      "|f|ChangeImageLayer|/|Expression|/|Base|n|'D-Damn it, once I'm free, I'm REALLY going to fuck you senseless!"]
                        },
                        {
                          "lineTrigger": "HitWith",
                          "move": ["Holy Cross"],
                          "theText": [ "|f|ChangeImageLayer|/|Expression|/|Frown|n|'MMM!♥ D-Damn magic!'",
                                      "|f|ChangeImageLayer|/|Expression|/|Frown|n|'Only way to get you to stop casting magic is if I fuck you 'till you can't think!'",
                                      "|f|ChangeImageLayer|/|Expression|/|Frown|n|'Great! Now I want to fuck even more!'"
                                    ]
                        },
                        {
                          "lineTrigger": "HitWith",
                          "move": ["Dart", "Holy Aura"],
                          "theText": [ "|f|ChangeImageLayer|/|Expression|/|Confused|n|'I-I really didn't need to be more aroused!'",
                                      "|f|ChangeImageLayer|/|Expression|/|Base|n|'Ohhh...♥ You might regret that!♥'",
                                      "|f|ChangeImageLayer|/|Expression|/|Base|n|'You better be ready to satisfy me!'"  ]
                        },
                        {
                          "lineTrigger": "HitWith",
                          "move": ["True Holy Water"],
                          "theText": [ "|f|ChangeImageLayer|/|Expression|/|Confused|n|'Th-The hell?!'",
                                      "|f|ChangeImageLayer|/|Expression|/|Frown|n|'Ghh... I'm still going to ride you senseless!'",
                                      "|f|ChangeImageLayer|/|Expression|/|Frown|n|'W-What kind of cheap trick is this...?'"]
                        },
                        {
                          "lineTrigger": "HitWith",
                          "move": "Intimidate",
                          "theText": [ "|f|ChangeImageLayer|/|Expression|/|Frown|n|'Less talking, more fucking!'",
                                      "|f|ChangeImageLayer|/|Expression|/|Frown|n|'If you keep talking, I'm going to suffocate you with my tits.'",
                                      "|f|ChangeImageLayer|/|Expression|/|Frown|n|'Stop talking and fuck me already.'"]
                        }
                      ],
                      "victoryScenes": [
                      ],
                      "pictures": [
                      ]
  }
