{
    "name": "Deliver Food to Campers",
    "CardType": "Quest",
    "Addition": "Yes",
    "Speakers": [
                  {
                    "name": "Jennifer",
                    "postName": "",
                    "SpeakerType": ""
                  },
                  {
                    "name": "Heather",
                    "postName": "",
                    "SpeakerType": ""
                  },
                  {
                    "name": "Catherine",
                    "postName": "",
                    "SpeakerType": ""
                  },
                  {
                    "name": "??? 1",
                    "postName": "",
                    "SpeakerType": "?"
                  },
                  {
                    "name": "??? 2",
                    "postName": "",
                    "SpeakerType": "?"
                  },
                  {
                    "name": "??? 3",
                    "postName": "",
                    "SpeakerType": "?"
                  },
                  {
                    "name": "Harpy",
                    "postName": "",
                    "SpeakerType": ""
                  },
                  {
                    "name": "Vivian",
                    "postName": "",
                    "SpeakerType": ""
                  }

                ],
    "EventText": [
                    {
                        "NameOfScene": "EventStart",
                        "theScene": [  "IfProgressEqualsOrGreater",
                                      "1",
                                      "QuestReturn",
                                      "ChangeProgress",
                                      "1",
                                      "You continue your trek along the mountain, and you finally see a wooden cabin nestled on a rocky plateau a short distance away. Not a moment too late either, the bag of supplies Vivian gave you was starting to really weigh you down.",
                                      "ChangeBGM", "music/Capital/Nobody_City.mp3",
                                      "As you make your way to the cabin, you can hear some female voices angrily bickering on the other side of it.",
                                      "Speaks4",
                                      "Well maybe if {i}someone{/i} booked the right campsite, we wouldn't be on a mountain in {i}the middle of nowhere!{/i}",
                                      "A second, much more relaxed and gentle voice speaks up, clearly trying to placate the anger of the first person.",
                                      "Speaks5",
                                      "Come on, this isn't all bad. It's overlooking the forest we wanted to camp at in the first place, so that's something, right?",
                                      "Speaks4",
                                      "Heather, a great view isn't going to stop us from starving to death!",
                                      "A third, much calmer and collected voice with a hint of exasperation joins the conversation.",
                                      "Speaks6",
                                      "Well Jen, maybe you should have packed the food like you were supposed to.",
                                      "Speaks4",
                                      "We never agreed that was my job, Cathy! And besides, if we were in the forest {i}like we were supposed to be{/i}, we could have easily found food instead of bringing those disgusting potions!",
                                      "Speaks5",
                                      "I think you're both overreacting to this whole situation, someone should be bringing food to us soon.",
                                      "Speaks4",
                                      "Yeah, but-",
                                      "DisplayCharacters",
                                        "1",
                                        "2",
                                        "3",
                                        "EndLoop",
                                      "ChangeImageLayer", "Expression", "Heather", "ClosedEyeSurprise", "ChangeImageLayer", "Expression", "Jennifer", "Concern", "ChangeImageLayer", "Expression", "Catherine", "Frustrated",
                                      "As you finally round the corner of the cabin, the three women immediately stop their conversation and stare at you, giving you a moment to take in all three of their rather demonic looking appearances.",
                                      "A pregnant silence fills the air as the three women focus their attention on you while you take in your surroundings. All three of the apparent succubi are sitting around an unlit fire pit in a few cozy looking chairs. The one named Heather was right, the view really is quite nice.",
                                      "ChangeBGM", "music/Casino/BGM sweet smell.mp3",
                                      "ChangeImageLayer", "Expression", "Catherine", "Deadpan", "ChangeImageLayer", "Expression", "Jennifer", "SmileOpenMouth", "ChangeImageLayer", "Expression", "Heather", "ClosedEyeSmileSmall",
                                      "Suddenly, the red haired woman darts forward and latches onto your arm, forcing her sizable cleavage to press into you as her ruby red eyes stare into yours.",
                                      "Speaks",
                                      "Hey there handsome! My name's Jennifer, do you come around here often?♥",
                                      "ChangeImageLayer", "Expression", "Jennifer", "Smug",
                                      "ChangeArousalQuietly",
                                      "25",
                                      "You flush as she continues to press her ample breasts against your arm and waits for you to introduce yourself.",
                                      "PlayerSpeaks",
                                      "Ah- Well-",
                                      "Speaks3",
                                      "Jen, I'm pretty sure he's the food delivery guy.",
                                      "ChangeImageLayer", "Expression", "Jennifer", "LipLick",
                                      "One of Jennifer's hands starts to grope your groin over your clothes.",
                                      "Speaks",
                                      "He sure is...♥",
                                      "ChangeImageLayer", "Expression", "Jennifer", "Smile",
                                      "Speaks",
                                      "But where are my manners? The petite gal with blue hair is Catherine, or Cathy for short, and miss huge tits over there is Heather.",
                                      "ChangeImageLayer", "Expression", "Heather", "ClosedEyeSmile",
                                      "Heather cheerfully waves at you while reclining in her comfortable looking chair while Catherine puts down her book to scowl at Jennifer.",
                                      "ChangeBGM", "music/Capital/STARLIGHT.mp3",
                                      "ChangeImageLayer", "Expression", "Catherine", "Yelling",
                                      "Speaks3",
                                      "Jen, you needy slut, I mean he is {i}literally{/i} the delivery guy. He has the food we ordered.",
                                      "ChangeImageLayer", "Expression", "Catherine", "Frustrated",
                                      "Jennifer breaks her hold of your arm to contest Catherine's statement.",
                                      "ChangeImageLayer", "Expression", "Jennifer", "Pouty",
                                      "Speaks",
                                      "I am {i}not{/i} needy, I'm just hungry! And I'll have you know that-",
                                      "ChangeImageLayer", "Expression", "Jennifer", "Clueless",
                                      "Speaks",
                                      "Wait. Uh... Is he...?",
                                      "You confirm that you are the delivery guy. While you moving forward to set the bag of supplies down by the fire pit, trying your best to ignore the ache in your loins.",
                                      "ChangeImageLayer", "Expression", "Catherine", "FrustratedAvertEyes",
                                      "Speaks3",
                                      "Well at least you admit you're a slut...",
                                      "ChangeImageLayer", "Expression", "Jennifer", "SmileOpenMouth",
                                      "Speaks",
                                      "Yeah, we're succubi. Soooo, what's your point?",
                                      "ChangeImageLayer", "Expression", "Catherine", "Yelling",
                                      "Speaks3",
                                      "W-Well I wasn't born as one! Y-You! GAH!",
                                      "ChangeImageLayer", "Expression", "Catherine", "FrustratedAvertEyes", "ChangeImageLayer", "Expression", "Heather", "ClosedEyeSmileOpen", "ChangeImageLayer", "Expression", "Jennifer", "Smile",
                                      "SwapLineIf", "IfTimeIs",
                                        "Night", "Catherine lets out a frustrated sigh as she starts fishing around the insides of the supply bag you left while Heather continues to relax in her chair, letting out a luxurious sigh as roasts some marshmallows on a moonlit fire.",
                                        "Day", "Catherine lets out a frustrated sigh as she starts fishing around the insides of the supply bag you left while Heather continues to relax in her chair, letting out a luxurious sigh as she bathes in the sun's rays.",
                                      "EndLoop",
                                      "ChangeImageLayer", "Expression", "Heather", "ClosedEyeSmile",
                                      "Speaks2",
                                      "See? I told you two it would all work out in the end.",
                                      "ChangeImageLayer", "Expression", "Jennifer", "Smug",
                                      "Jennifer turns back to you with a seductive smile.",
                                      "Speaks",
                                      "You never managed to introduce yourself, handsome stranger. What's your name?",
                                      "PlayerSpeaks",
                                      "Oh, I'm [ThePlayerName], and I should probably get going.",
                                      "ChangeImageLayer", "Expression", "Jennifer", "LipLick",
                                      "Speaks",
                                      "Whaaat? You don't want to stick around and get... Properly rewarded for saving us?♥",
                                      "ChangeImageLayer", "Expression", "Jennifer", "ComicPanic",
                                      "ChangeImageLayer", "Expression", "Catherine", "Yelling",
                                      "ChangeBGM", "music/Capital/Nobody_City.mp3",
                                      "Speaks3",
                                      "GODDESS DAMN IT!",
                                      "ChangeImageLayer", "Expression", "Jennifer", "Ah",
                                      "Speaks",
                                      "E-Eh?! Oh come on, you can't be mad abou-",
                                      "ChangeImageLayer", "Expression", "Catherine", "Frustrated",
                                      "Speaks3",
                                      "Not that! This!",
                                      "ChangeImageLayer", "Expression", "Jennifer", "Clueless",
                                      "Catherine pulls open the bag to show you and the other two women its contents, and you feel a red hot streak of annoyance blow through you upon seeing what's inside. There's no food, no supplies, nothing that would be considered remotely useful inside of it, there's just rocks of all different shapes and sizes. No wonder Vivian wouldn't let you look inside of it when she gave it to you.",
                                      "ChangeImageLayer", "Expression", "Catherine", "Shy",
                                      "Speaks3",
                                      "There's also a note...",
                                      "She displays it to the rest of you, seemingly flustered about it.",
                                      "ChangeImageLayer", "Expression", "Jennifer", "Smile",
                                      "'Sorry, we're out of essence potions, I do apologize and hope this strapping hero will tide you over until our supplies are restocked and delivered. - Vivian♥'",
                                      "'P.S. - [ThePlayerName], if you try to leave them there, they will probably die from starvation, so do your best!♥'",
                                      "ChangeImageLayer", "Expression", "Jennifer", "LipLick", "ChangeImageLayer", "Expression", "Heather", "LipLick", "ChangeImageLayer", "Expression", "Catherine", "Frustrated", "ChangeImageLayer", "Face", "Catherine", "Blush",
                                      "IfHasPerk", "Belmont Curse", "NervousDread",
                                      "As you look up from the note with a feeling of resigned acceptance, you can see Jennifer and Heather giving you rather lewd looks while Catherine blushes deeply and mutters darkly under her breath.",
                                      "ChangeImageLayer", "Expression", "Jennifer", "Smug",
                                      "Speaks",
                                      "Well [ThePlayerName], guess you're sticking around then, hmmmm?♥",
                                      "You can feel a bead of nervous sweat run down your back, knowing you have no way to get out of this. But at the same time, you can't help but get a little excited for what's about to happen.",
                                      "ChangeImageLayer", "Expression", "Heather", "ClosedEyeSmileOpen",
                                      "Speaks2",
                                      "Soooo who should get him first?",
                                      "ChangeImageLayer", "Expression", "Catherine", "FrustratedAvertEyes",
                                      "Speaks3",
                                      "Ugh... You two go at it, I think I can last 'till those other supplies get here...",
                                      "ChangeImageLayer", "Expression", "Jennifer", "Excited",
                                      "Speaks",
                                      "Well, I'll go first then!♥ Come on! We're going to do this in the cabin, it's wayyy more comfortable in there.",
                                      "ChangeBGM", "music/Loss/reason.mp3",
                                      "ChangeImageLayer", "Expression", "Heather", "ClosedEyeSmile", "ChangeImageLayer", "Expression", "Catherine", "Shy",
                                      "You let yourself be dragged into the cozy cabin by an excited Jennifer, unable to protest knowing the consequences of refusing. Heather lets out a languid sigh as she stretches and gets up before walking in after Jen, followed a few seconds later by a sheepish looking Cathy.",
                                      "ChangeImageLayer", "Expression", "Jennifer", "Dreamy",
                                      "Jen lays you down on one of the three comfortable beds in the cabin, happily stripping your clothes off before laying down next to you, staring eagerly at your hardening manhood. Heather sits down in a large cushioned chair and watches you intently as you lay on the bed, and Catherine sits in the corner farthest from you and plants her face deep into her book, trying her hardest to not look at you.",
                                      "JumpToEventThenScene",
                                      "Visit the Campers",
                                      "Jennifer Sex Options"
                                  ]
                    },
                    {
                        "NameOfScene": "NervousDread",
                        "theScene": [
                                      "As you look up from the note with a feeling of nervous dread, you can see Jennifer and Heather giving you rather lewd looks while Catherine blushes deeply and mutters darkly under her breath.",
                                      "ChangeImageLayer", "Expression", "Jennifer", "Smug",
                                      "Speaks",
                                      "Well [ThePlayerName], guess you're sticking around then, hmmmm?♥",
                                      "You can feel a bead of cold sweat run down your back.",
                                      "ChangeImageLayer", "Expression", "Heather", "ClosedEyeSmileOpen",
                                      "Speaks2",
                                      "Soooo who should get him first?",
                                      "PlayerSpeaks",
                                      "I am here to deliver food, not to {i}be{/i} food!",
                                      "ChangeImageLayer", "Expression", "Catherine", "FrustratedAvertEyes",
                                      "Speaks3",
                                      "Ugh... You two go at it, I think I can last 'till those other supplies get here...",
                                      "ChangeImageLayer", "Expression", "Jennifer", "Excited",
                                      "Speaks",
                                      "Well, I'll go first then!♥ Come on! We're going to do this in the cabin, it's wayyy more comfortable in there.",
                                      "PlayerSpeaks",
                                      "Wait just a minute, I am {i}not{/i} feeding you!",
                                      "ChangeBGM", "music/Loss/reason.mp3",
                                      "ChangeImageLayer", "Expression", "Heather", "ClosedEyeSmile", "ChangeImageLayer", "Expression", "Catherine", "Shy",
                                      "You are dragged into the cozy cabin by an excited Jennifer. Heather lets out a languid sigh as she stretches and gets up before walking in after Jen, followed a few seconds later by a sheepish looking Cathy.",
                                      "These hungry hellions are not listening. Now is surely your last chance to get away from the fiends unmolested.",
                                      "Menu",
                                        "'Die, monsters!'",
                                      "EndLoop"
                                  ]
                    },
                    {
                        "NameOfScene": "'Die, monsters!'",
                        "theScene": [ "SetChoice", "9", "Die, monsters!",
                          "ChangeImageLayer", "Expression", "Jennifer", "Surprise", "ChangeImageLayer", "Expression", "Heather", "Stern", "ChangeImageLayer", "Expression", "Catherine", "Dazed",
                          "The monsters stop and stare at you. Then they see you reaching for your whip.",
                          "Speaks",
                          "What do you think you're doing, [ThePlayerName]?",
                          "PlayerSpeaks",
                          "Defending myself!",
                          "ChangeImageLayer", "Expression", "Catherine", "Yelling",
                          "Speaks3",
                          "[ThePlayerName], we aren't going to hurt you! We just need a bit of your spiritual energy, or we'll starve!",
                          "PlayerSpeaks",
                          "I do not fornicate with monsters!",
                          "ChangeImageLayer", "Expression", "Heather", "ClosedEyeSurprise",
                          "Speaks2",
                          "You poor thing, you must be so backed up! But why?",
                          "Menu",
                            "'You steal men's souls, and make them your slaves!'",
                          "EndLoop"
                        ]
                    },
                    {
                        "NameOfScene": "'You steal men's souls, and make them your slaves!'",
                        "theScene": [
                          "ChangeImageLayer", "Expression", "Jennifer", "Surprise", "ChangeImageLayer", "Expression", "Heather", "Stern", "ChangeImageLayer", "Expression", "Catherine", "Dazed",
                          "The licentious demons gasp at your accusation.",
                          "Speaks2",
                          "Goddess, [ThePlayerName], we are not devils!",
                          "ChangeImageLayer", "Expression", "Jennifer", "Annoyed",
                          "Speaks",
                          "Enough! I'm starving, I'm cranky, and this guy's attitude is really pissing me off!",
                          "JumpToEventThenScene",
                          "Visit the Campers",
                          "Jennifer Is Pissed!"
                        ]
                    },
                    {
                        "NameOfScene": "FirstTimeToHeatherDieMonsters",
                        "theScene": [    "IfPlayerSpiritGone",
                                        "OutAtJenDieMonsters",
                                        "ChangeImageLayer", "Expression", "Heather", "ClosedEyeSmile",
                                        "Speaks2",
                                        "Aww... I'm next though, right?",
                                        "ChangeImageLayer", "Expression", "Jennifer", "SmileOpenMouth",
                                        "Jennifer gets off the bed and plops down onto a chair.",
                                        "Speaks",
                                        "Yup! I can't wait to go at him again.♥ His cum's great!♥",
                                        "ChangeImageLayer", "Expression", "Jennifer", "Smile",
                                        "ChangeBGM", "music/Relaxing/Purple Planet Music - Gentle - Meltwater (1_38) (L).mp3",
                                        "ChangeImageLayer", "Expression", "Catherine", "Aroused",
                                        "DisplayCharacters",
                                            "2",
                                            "1",
                                            "3",
                                          "EndLoop",
                                        "As Heather cuddles up next to you on the bed, you notice Catherine peeking at you from over the cover of her book with a deep flush on her face, pretending she wasn't watching you this whole time...",
                                        "JumpToEventThenScene",
                                        "Visit the Campers",
                                        "HeatherSmotherDieMonsters"
                                  ]
                    },
                          {
                              "NameOfScene": "OutAtJenDieMonsters",
                              "theScene": [   "ChangeImageLayer", "Expression", "Jennifer", "SmileOpenMouth",
                                              "Speaks",
                                              "Alright Heather, it's your turn!",
                                              "ChangeImageLayer", "Expression", "Heather", "ClosedEyeSurprise",
                                              "Speaks2",
                                              "Are you sure? I think he's done already...",
                                              "ChangeBGM", "music/Loss/Do not yarn.mp3",
                                              "ChangeImageLayer", "Expression", "Jennifer", "ComicPanic", "ChangeImageLayer", "Expression", "Catherine", "Concern",
                                              "Jennifer looks over at your now collapsed and exhausted form.",
                                              "Speaks",
                                              "W-What?! H-Hey, don't disappear on us already!",
                                              "ChangeImageLayer", "Expression", "Heather", "ClosedEyeWorry",
                                              "Speaks2",
                                              "Oh dear... I hope we didn't scare him away for good...",
                                              "Speaks",
                                              "He'd better hurry back, or we're going to starve up here!",
                                              "Speaks3",
                                              "Why would he ever come back after what you did to him?",
                                              "ChangeImageLayer", "Expression", "Jennifer", "Pouty",
                                              "Speaks",
                                              "Oh, Cathy, he {i}loved{/i} it!",
                                              "Your vision fades to black, and you realize that you're probably going to need more spirit to complete this quest...",
                                              "GameOver"
                                        ]
                          }
                ]
}
