{
    "name": "Nectar Delivery",
    "CardType": "Quest",
    "Addition": "Yes",
    "Speakers": [
                  {
                    "name": "Nicci",
                    "postName": "",
                    "SpeakerType": ""
                  },
                  {
                    "name": "Vivian",
                    "postName": "",
                    "SpeakerType": ""
                  }

                ],
    "EventText": [
                    {
                        "NameOfScene": "EventStart",
                        "theScene": [ "MenuAddition",
                                        "HideOptionOnRequirementFail", "RequiresPerk", "Belmont Curse", "'Die, monster!'",
                                     "EndLoop"
                                  ]
                    },
                    {
                        "NameOfScene": "'Die, monster!'",
                        "theScene": [ "ChangeImageLayer", "Expression",
                                      "1",
                                      "Happy",
                                     "Speaks",
                                     "Oh, how cute! I just {i}love{/i} roleplay!",
                                     "PlayerSpeaks",
                                     "That is not what I meant!",
                                     "ChangeImageLayer", "Expression",
                                     "1",
                                     "Winning",
                                     "Nicci hurls one of her blossoms at your feet. Warm, amber nectar spills from it to the ground.",
                                     "Speaks",
                                     "Enough talk. Have at you!",
                                     "JumpToScene",
                                     "Fight"
                                  ]
                    },
                    {
                        "NameOfScene": "NectarReturn",
                        "theScene": [ "MenuAddition",
                                        "HideOptionOnRequirementFail", "RequiresPerk", "Belmont Curse", "'Die, monster!'",
                                     "EndLoop"
                                  ]
                    }
                ]
}
