{
    "name": "Trade Caravans Attacked",
    "CardType": "Quest",
    "Addition": "Yes",
    "Speakers": [
                  {
                    "name": "Jora",
                    "postName": "",
                    "SpeakerType": ""
                  },
                  {
                    "name": "Wurm",
                    "postName": "",
                    "SpeakerType": ""
                  },
                  {
                    "name": "Elena",
                    "postName": "",
                    "SpeakerType": ""
                  }
                ],
    "EventText": [
                    {
                        "NameOfScene": "Mad Wurm",
                        "theScene": [
                                      "MenuAddition",
                                        "HideOptionOnRequirementFail", "RequiresPerk", "Belmont Curse", "'Die, lamia!'",
                                      "EndLoop"
                                  ]
                    },
                    {
                        "NameOfScene": "Return to wurm",
                        "theScene": [ "MenuAddition",
                                        "HideOptionOnRequirementFail", "RequiresPerk", "Belmont Curse", "'Die, lamia!'",
                                      "EndLoop"
                                  ]
                    },
                          {
                              "NameOfScene": "'Die, lamia!'",
                              "theScene": [ "ChangeImageLayer", "Expression", "1", "RageYelling",
                                            "ChangeBGM", "music/Battle/agitating-point.mp3",
                                            "Speaks",
                                            "YOU WILL PAY DEARLY FOR YOUR INSOLENCE!",
                                            "The furious wurm charges at you with alarming speed!",
                                            "JumpToScene",
                                            "Fight!SkipDialogue."
                                          ]
                          },
                    {
                        "NameOfScene": "Apologize.",
                        "theScene": [ "MenuAddition",
                                        "HideOptionOnRequirementFail", "RequiresPerk", "Belmont Curse", "'Die, lamia!'",
                                      "EndLoop"
                                  ]
                    }
                ]
}
