{
    "name": "Pray to the Goddess Statue.",
    "CardType": "Church",
    "Addition": "Yes",
    "Speakers": [
                  {
                    "name": "Venereae",
                    "postName": "",
                    "SpeakerType": "Monster"
                  },
                  {
                    "name": "Lucille",
                    "postName": "",
                    "SpeakerType": "Monster"
                  },
                  {
                    "name": "Lillian",
                    "postName": "",
                    "SpeakerType": "Monster"
                  }
                ],
    "EventText": [
                    {
                        "NameOfScene": "PrayingMenuActual",
                        "theScene": [
                          "MenuAddition",
                            "HideOptionOnRequirementFail", "InverseRequirement", "RequiresPerk", "Double Drainage", "Pray for more damage.",
                            "HideOptionOnRequirementFail", "InverseRequirement", "RequiresPerk", "One-Thrust Man", "Pray for ALL the damage.",
                            "HideOptionOnRequirementFail", "InverseRequirement", "RequiresPerk", "Belmont Curse", "Belmont Mode.",
                            "HideOptionOnRequirementFail", "InverseRequirement", "RequiresPerk", "Extra Virility", "Pray for more virility.",
                            "HideOptionOnRequirementFail", "InverseRequirement", "RequiresPerk", "Lower Exp", "Pray for less experience.",
                            "HideOptionOnRequirementFail", "RequiresPerk", "Belmont Curse", "Learn Skills.",
                            "HideOptionOnRequirementFail", "RequiresPerk", "Double Drainage", "Remove Double Drainage.",
                            "HideOptionOnRequirementFail", "RequiresPerk", "One-Thrust Man", "Remove One-Thrust Man.",
                            "HideOptionOnRequirementFail", "RequiresPerk", "Belmont Curse", "Remove Belmont Mode.",
                            "HideOptionOnRequirementFail", "RequiresPerk", "Extra Virility", "Remove Extra Virility.",
                            "HideOptionOnRequirementFail", "RequiresPerk", "Lower Exp", "Remove Lower Exp.",
                            "OverrideOption", "FinalOption", "Stop praying.",
                          "EndLoop"
                          ]
                    },
                    {
                        "NameOfScene": "Learn Skills.",
                        "theScene": [
                                      "SkillShoppingMenu", "Spank", "Shoryuken", "Power Up!", "Overlimit", "Holy Net", "Dart", "Agility Amplification",
                                      "Holy Cross", "Numb Self", "Invisibility", "Sleep", "Enfeeble",  "True Holy Water", "Holy Aura", "Endure", "EndLoop",
                                      "JumpToScene", "PrayingMenuActual"
                                  ]
                    },
                    {
                        "NameOfScene": "Pray for more damage.",
                        "theScene": [ "This will double all Spirit loss you suffer. Permanently.\nAre you sure?",
                                      "Menu",
                                        "I said more damage!",
                                        "Ummm... maybe not...",
                                      "EndLoop"
                                  ]
                    },
                    {
                        "NameOfScene": "Pray for ALL the damage.",
                        "theScene": [ "This will guarantee your defeat if you suffer any Spirit loss. Permanently.\nAre you sure?",
                                      "Menu",
                                        "I said ALL the damage!",
                                        "No, no, PLEASE no!",
                                      "EndLoop"
                                  ]
                    },
                    {
                        "NameOfScene": "I said more damage!",
                        "theScene": [ "You feel far more heroic!",
                                    "GivePerk", "Double Drainage"
                                  ]
                    },
                    {
                        "NameOfScene": "I said ALL the damage!",
                        "theScene": [ "You feel like a REAL hero!",
                                    "GivePerk", "Double Drainage",
                                    "GivePerk", "One-Thrust Man"
                                  ]
                    },
                    {
                        "NameOfScene": "Ummm... maybe not...",
                        "theScene": [ "Try it. You might like it.",
                                        "{Pink}You get a powerful ache in your balls!{/Pink}",
                                        "ChangeArousalByPercent", "20",
                                        "RemovePerkQuietly", "Pent Up",
                                        "RemovePerkQuietly", "Backed Up",
                                        "GivePerk", "Achingly Full"
                                  ]
                    },
                    {
                        "NameOfScene": "No, no, PLEASE no!",
                        "theScene": [ "This is for being a little bitch.",
                                      "{Pink}You get a powerful ache in your balls!{/Pink}",
                                      "ChangeArousalByPercent", "20",
                                      "RemovePerkQuietly", "Pent Up",
                                      "RemovePerkQuietly", "Backed Up",
                                      "GivePerk", "Achingly Full"
                                  ]
                    },
                    {
                        "NameOfScene": "Belmont Mode.",
                        "theScene": [ "You will be afflicted with the Belmont Curse and given the power to smite monsters.\nAre you sure?",
                                      "Menu",
                                        "They don't belong in this world!",
                                        "What a horrible night to have a curse!",
                                      "EndLoop"
                                  ]
                    },
                    {
                        "NameOfScene": "They don't belong in this world!",
                        "theScene": [ "ChangeBGM", "../Mods/ChallengeMod/music/Castlemania.mp3",
                                      "You feel far more rightous and prone to falling off platforms!",
                                      "Hatred for monsters intensifies.",
                                      "RemoveSkillFromPlayer", "Penetrate",
                                      "RemoveSkillFromPlayer", "Thrust",
                                      "RemoveSkillFromPlayer", "Grope Ass",
                                      "RemoveSkillFromPlayer", "Breast Caress",
                                      "RemoveSkillFromPlayer", "Kiss",
                                      "GiveSkill", "Short Whip",
                                      "GiveSkill", "Intimidate",
                                      "GivePerk", "Belmont Curse",
                                      "You are the Goddess's holy warrior, charged with smiting the monsters!",
                                      "Rules for the Belmont Challenge are as follows:",
                                      "1) Use Items, Perks, and Skills from the Church only.\nYou can learn new skills by praying at Venereae's statue.",
                                      "2) Do not have sex with any monsters!\nDo not let them touch your peepee or your butt!\nDo not work at the brothel after dark!",
                                      "3) You must fight all monsters and you must not run away!",
                                      "When in doubt, just say 'Die, monster!'"
                                  ]
                    },
                    {
                        "NameOfScene": "What a horrible night to have a curse!",
                        "theScene": [ "Then perhaps you would prefer the Curse of the Blue Balls.",
                                      "{Pink}You get a powerful ache in your testicles!{/Pink}",
                                      "ChangeArousalByPercent", "20",
                                      "RemovePerkQuietly", "Pent Up",
                                      "RemovePerkQuietly", "Backed Up",
                                      "GivePerk", "Achingly Full"
                                  ]
                    },
                    {
                        "NameOfScene": "Pray for more virility.",
                        "theScene": [ "This will give you a large virility boost. Permanently.\nAre you sure?",
                                      "Menu",
                                        "I said more virility!",
                                        "Nevermind.",
                                      "EndLoop"
                                  ]
                    },
                    {
                        "NameOfScene": "I said more virility!",
                        "theScene": [ "You feel far more virile!",
                                    "GivePerk", "Extra Virility"
                                  ]
                    },
                    {
                        "NameOfScene": "Pray for less experience.",
                        "theScene": [ "This will cut your experience gains in half. Permanently.\nAre you sure?",
                                      "Menu",
                                        "I said less experience!",
                                        "Nevermind.",
                                      "EndLoop"
                                  ]
                    },
                    {
                        "NameOfScene": "I said less experience!",
                        "theScene": [ "You feel far more blockheaded!",
                                    "GivePerk", "Lower Exp"
                                  ]
                    },
                    {
                        "NameOfScene": "Remove Double Drainage.",
                        "theScene": [ "This will remove the Double Drainage perk, but not One-Thrust Man.\nAre you sure?",
                                      "Menu",
                                        "I can't handle Double Drainage!",
                                        "Nevermind.",
                                      "EndLoop"
                                  ]
                    },
                    {
                        "NameOfScene": "I can't handle Double Drainage!",
                        "theScene": [ "RemovePerk", "Double Drainage"
                                  ]
                    },
                    {
                        "NameOfScene": "Remove One-Thrust Man.",
                        "theScene": [ "This will remove the One-Thrust Man perk, but not Double Drainage.\nAre you sure?",
                                      "Menu",
                                        "No more One-Thrust Man!",
                                        "Nevermind.",
                                      "EndLoop"
                                  ]
                    },
                    {
                        "NameOfScene": "No more One-Thrust Man!",
                        "theScene": [ "RemovePerk", "One-Thrust Man"
                                  ]
                    },
                    {
                        "NameOfScene": "Remove Belmont Mode.",
                        "theScene": [ "This will remove the Belmont Curse perk.\nAre you sure?",
                                      "Menu",
                                        "The curse is just too terrible.",
                                        "Nevermind.",
                                      "EndLoop"
                                  ]
                    },
                    {
                        "NameOfScene": "The curse is just too terrible.",
                        "theScene": [ "GiveSkill", "Penetrate",
                                      "GiveSkill", "Thrust",
                                      "GiveSkill", "Grope Ass",
                                      "GiveSkill", "Breast Caress",
                                      "GiveSkill", "Kiss",
                                      "RemoveSkillFromPlayer", "Short Whip",
                                      "RemoveSkillFromPlayer", "Intimidate",
                                      "RemoveSkillFromPlayer", "Holy Cross",
                                      "RemoveSkillFromPlayer", "True Holy Water",
                                      "RemoveSkillFromPlayer", "Invisibility",
                                      "RemoveSkillFromPlayer", "Shoryuken",
                                      "RemoveSkillFromPlayer", "Dart",
                                      "RemoveSkillFromPlayer", "Holy Aura",
                                      "RemoveSkillFromPlayer", "Holy Net",
                                      "RemovePerk", "Belmont Curse"
                                  ]
                    },
                    {
                        "NameOfScene": "Remove Extra Virility.",
                        "theScene": [ "This will remove the Extra Virility perk.\nAre you sure?",
                                      "Menu",
                                        "No more Extra Virility!",
                                        "Nevermind.",
                                      "EndLoop"
                                  ]
                    },
                    {
                        "NameOfScene": "No more Extra Virility!",
                        "theScene": [ "RemovePerk", "Extra Virility"
                                  ]
                    },
                    {
                        "NameOfScene": "Remove Lower Exp.",
                        "theScene": [ "This will remove the Lower Exp perk.\nAre you sure?",
                                      "Menu",
                                        "No more Lower Exp!",
                                        "Nevermind.",
                                      "EndLoop"
                                  ]
                    },
                    {
                        "NameOfScene": "No more Lower Exp!",
                        "theScene": [ "RemovePerk", "Lower Exp"
                                  ]
                    },
                    {
                        "NameOfScene": "Nevermind.",
                        "theScene": [ "JumpToScene", "PrayingMenuActual"                                  ]
                    }
                ]
}
