{
    "name": "AlrauneCombatEvent",
    "CardType": "Event",
    "Addition": "Yes",
    "Speakers": [
                  {
                    "name": "Alraune",
                    "postName": "",
                    "SpeakerType": "Monster"
                  }
                ],
    "EventText": [
      {
          "NameOfScene": "Alraune's Invitation",
          "theScene": [  "MenuAddition",
                          "HideOptionOnRequirementFail", "RequiresPerk", "Belmont Curse", "'You can't have my cock, monster!'",
                        "EndLoop"
                    ]
      },
      {
          "NameOfScene": "'You can't have my cock, monster!'",
          "theScene": [
            "You struggle to resist the vile creature's offer for sex, but the cloying scent of her pheromones is making it a little hard to think straight...",

            "StatCheck",
            "ChangeStatCheckDifficulty", "IfFetishLevelEqualOrGreater", "Sex", "25", "2",
            "ChangeStatCheckDifficulty", "IfFetishLevelEqualOrGreater", "Sex", "50", "3",
            "ChangeStatCheckDifficulty", "IfFetishLevelEqualOrGreater", "Sex", "75", "5",
            "ChangeStatCheckDifficulty", "IfPlayerHasStatusEffect", "Charm", "4",
            "Temptation", "5",   "IgnoredSex",
            "Fail",
            "CantResistOffer"
            ]
      },
        {
          "NameOfScene": "TemptationVictory",
          "theScene": [  "DisplayCharacters",
                        "1",
                        "EndLoop",
                        "StopBGM",
                        "ChangeImageLayer", "Expression","1", "Pleasured", "ChangeImageLayer", "Base", "1", "Blush",
                         "Soon after her defeat the Alraune reappears nearby with a pleasured sigh, laying in her flower before getting up and leaning against the petals edges.",
                         "ChangeImageLayer", "Expression","1", "Caring",

                         "Speaks",
                         "Oh my, cutie... that was wonderful.♥ A big strong adventurer like you must want some relief after that, right?♥",
                         "ChangeBGM", "music/Casino/BGM sweet smell.mp3",
                         "ChangeImageLayer", "Expression","1", "Seductive",
                        "She turns around with a seductive backwards glance at you, holding onto the rim of her flower while keeping her wide voluptuous hips raised in the air at you gently swaying them back and forth, and the sweet fragrance of her pheromones hangs delightfully in the air, accenting the dangers of her tempting offer...",
                        "Menu",
                          "Take her offer and fuck her!",
                          "Ignore her and get moving.",
                          "HideOptionOnRequirementFail", "RequiresPerk", "Belmont Curse", "'Die, monster!'",
                        "EndLoop"
                    ]
        },
                        {
                          "NameOfScene": "'Die, monster!'",
                          "theScene": [   "ChangeImageLayer", "Expression","1", "Anger",
                                          "You whip her big green ass until she fades away. Back to the foul pit that surely spawned her!"
                                    ]
                        }
                ]
}
