{
    "name": "Elven Ambush",
    "CardType": "Event",
    "Addition": "Yes",
    "Speakers": [
                  {
                    "name": "Elf",
                    "postName": "",
                    "SpeakerType": ""
                  },
                  {
                    "name": "Elf",
                    "postName": "",
                    "SpeakerType": ""
                  }

                ],
    "EventText": [
      {
          "NameOfScene": "Step over it.",
          "theScene": [ "MenuAddition",
                          "HideOptionOnRequirementFail", "RequiresPerk", "Belmont Curse", "'Die, dangling monsters!'",
                        "EndLoop"
                    ]
      },
                {
                    "NameOfScene": "RopeTPass",
                    "theScene": [  "MenuAddition",
                                    "HideOptionOnRequirementFail", "RequiresPerk", "Belmont Curse", "'Die, monsters!'",
                                  "EndLoop"

                              ]
                },
                {
                    "NameOfScene": "'Die, monsters!'",
                    "theScene": [  "ChangeImageLayer", "Expression", "1", "Smug Lewd",
                                  "ChangeImageLayer", "Expression", "2", "Smug Lewd",
                                  "As you ready your whip, the elves snap out of their lusty stupor and charge towards you!",
                                  "CombatEncounter",
                                  "Elf",
                                  "Elf",
                                  "StartCombat",
                                  "With both elves obliterated, you continue on your way, feeling a small sense of pride."
                              ]
                },
                {
                    "NameOfScene": "'Die, dangling monsters!'",
                    "theScene": [  "ChangeImageLayer", "Expression", "1", "Shock Blush",
                                  "ChangeImageLayer", "Expression", "2", "Incoherently Lewd",
                                  "As you smite the helpless hellions with your mighty whip, their cries of agony sound oddly like those of ecstasy.",
                                  "Finally the vile creatures begin to fade away.",
                                  "DisplayCharacters", "EndLoop",
                                  "Menu",
                                    "Who weeps for these, weeps for corruption!",
                                  "EndLoop"
                              ]
                },
                {
                    "NameOfScene": "Who weeps for these, weeps for corruption!",
                    "theScene": [  "Strangely, you received no XP for your good deed.",
                                    "ChangeEros", "100"
                              ]
                }
                ]
}
