{
    "name": "Forest Rest Ambush",
    "CardType": "Event",
    "CardLimit": "2",
    "Description": "Woodland creatures stay up late to ambush adventurers when they are planning to rest!",
    "requires": [ ""],
    "Speakers": [
                  {
                    "name": "Elf",
                    "postName": " 1",
                    "SpeakerType": "Monster"
                  },
                  {
                    "name": "Elf",
                    "postName": " 2",
                    "SpeakerType": "Monster"
                  },
                  {
                    "name": "Blue Slime",
                    "postName": "",
                    "SpeakerType": "Monster"
                  },
                  {
                    "name": "Alraune",
                    "postName": "",
                    "SpeakerType": "Monster"
                  },
                  {
                    "name": "Rest Lizard Girl",
                    "postName": "",
                    "SpeakerType": "Monster"
                  }
                ],
    "EventText": [
                    {
                        "NameOfScene": "EventStart",
                        "theScene": [  "AllowInventory",
                                      "You find a place to rest!\nDon't forget to use your inventory while you can!",
                                      "Menu",
                                        "Continue onwards!",
                                        "Rest. (Advances Time 1)",
                                        "Return to town.",
                                      "EndLoop"
                                  ]
                    },
                    {
                        "NameOfScene": "Continue onwards!",
                        "theScene": [  "You press forward."

                                  ]
                    },
                    {
                        "NameOfScene": "Return to town.",
                        "theScene": [ "You return to town.",
                                      "GoToTown"]
                    },
                    {
                        "NameOfScene": "Rest. (Advances Time 1)",
                        "theScene": [ "AdvanceTime", "1",
                                      "ChangeArousalByPercent", "-30",
                                      "ChangeEnergyByPercent", "30",
                                      "You take a moment to rest and find yourself dozing off...",
                                      "JumpToRandomScene",
                                        "OneElfAmbush",
                                        "TwoElfAmbush",
                                        "SlimeAmbush",
                                        "AlrauneAmbush",
                                        "LizardAmbush",
                                      "EndLoop"
                                    ]
                    },
                    {     "NameOfScene": "OneElfAmbush",
                          "theScene": [
                                      "ChangeBGM", "music/Loss/Falling Down.mp3",
                                      "...",
                                      "In a dream, you are drowning...",
                                      "Sweet liquid fills your mouth. There is a soft weight pressing on your waist. Something holds your nose closed.",
                                      "ApplyStatusEffect", "Elven Philter",
                                      "ChangeArousalQuietly", "30",
                                      "Involuntarily, you swallow the fluid and gasp for air. Your heart begins to pound and you feel aphrodisia spreading throughout your body.",
                                      "You moan softly as your eyes open, and you see an elf atop you, straddling your hips.",
                                      "DisplayCharacters",
                                        "1",
                                      "EndLoop",
                                      "ChangeImageLayer", "Expression", "1", "Smug",
                                      "In one hand, near your face, she holds an empty vial. In the other, your nose.",
                                      "Speaks",
                                      "Be still, human! I am testing my new creation on lesser creatures.",
                                      "SwapLineIf", "HasFetish",
                                        "Sex", "|f|ChangeArousalByPercent|/|20|n|(Sex Fetish) Some undeniable part of your psyche is {i}praying{/i} that she is about to take you inside her tight elf pussy.",
                                        "","",
                                      "EndLoop",
                                      "IfPlayerArousalOverPercentOfMax", "50", "CantResist",
                                      "Menu",
                                        "Resist!",
                                        "See what happens next!",
                                      "EndLoop"
                                  ]
                    },
                    {
                        "NameOfScene": "CantResist",
                        "theScene": [ "You {i}know{/i} you need to get the elf off of you before whatever happens next, but your whole body hums with undeniable excitement as the drug spreads through you and you can't make yourself move.",
                                      "JumpToScene", "See what happens next!"]
                    },
                    {
                        "NameOfScene": "Resist!",
                        "theScene": [ "Realizing the danger you're in, you try to stand up!",
                                      "ChangeImageLayer", "Expression", "1", "Angry",
                                      "Speaks",
                                      "Stop, you'll ruin everything!",
                                      "She grabs your wrists and tries to hold you down.",
                                      "ApplyStatusEffect", "Elven Pin",
                                      "CombatEncounter",
                                          "Elf",
                                      "StartCombat",
                                      "Having defeated the elf, you carry on your way, deciding this spot clearly wasn't as safe as you first thought."]
                    },
                    {
                        "NameOfScene": "See what happens next!",
                        "theScene": [ "As the elf liquor takes hold of your body, your shaft suddenly becomes rock hard.",
                                      "Belatedly, you realize just how well prepared the elf was. Your trousers are already off, and your cock springs up right into the elf's bare crotch. With astonishing ease, it slides right into her tight, wet pussy.",
                                      "The elf squeezes you tightly with her love muscles. Your cock pulses inside her and you groan as you barely hold back an instant orgasm.",
                                      "ChangeImageLayer", "Expression", "1", "Dominant",
                                      "Speaks",
                                      "{i}It worked!{/i} You are powerless! I will be famous, {i}and{/i} pregnant!",
                                      "CombatEncounter",
                                          "Elf",
                                          "ApplyStance", "Sex", "SetAttack", "Insert",
                                      "StartCombat",
                                      "Having defeated the elf, you carry on your way, deciding this spot clearly wasn't as safe as you first thought."
                                    ]
                        },
                        {     "NameOfScene": "TwoElfAmbush",
                              "theScene": [
                                          "ChangeBGM", "music/Loss/Falling Down.mp3",
                                          "...",
                                          "In a dream, a horde of elves are mating with you...",
                                          "Kissing you, holding you, pressing their breasts against you, fucking you...",
                                          "DisplayCharacters",
                                            "1",
                                            "2",
                                          "EndLoop",
                                          "ChangeImageLayer", "Expression", "1", "Incoherently Lewd",
                                          "ChangeImageLayer", "Expression", "2", "Tsun",
                                          "You shudder with bliss as your eyes open, and you see an elf atop you, riding your cock and moaning softly.",
                                          "Speaks2",
                                          "Fool, you woke him up!",
                                          "ApplyStatusEffect", "Sensitize",
                                          "ChangeArousalQuietly", "30",
                                          "A second elf plays with your balls, sensitizing you and causing you to groan with the urge to cum inside her companion.",
                                          "Speaks2",
                                          "It's her birthday, human. Give her a strong, beautiful baby elf, okay? And then, me too!",
                                          "The first one moans as she slowly presses your manhood deeper inside her exquisite elf pussy.",
                                          "Speaks",
                                          "No, it's {i}my{/i} birthday present! My {i}precious{/i}!",
                                          "Menu",
                                            "'Happy Birthday!'",
                                            "Fight back!",
                                          "EndLoop"
                                      ]
                        },
                        {
                            "NameOfScene": "'Happy Birthday!'",
                            "theScene": [
                                "JumpToEvent", "Elf Wedding"
                              ]
                        },
                        {
                            "NameOfScene": "Fight back!",
                            "theScene": [
                              "CombatEncounter",
                                  "Elf", "ApplyStance", "Sex", "SetAttack", "Insert",
                                  "Elf",
                              "StartCombat",
                              "With both elves satisfied, you continue on your way, deciding this spot clearly wasn't as safe as you first thought."
                              ]
                        },
                        {
                            "NameOfScene": "SlimeAmbush",
                            "theScene": [
                              "ChangeBGM", "music/Loss/Falling Down.mp3",
                              "...",
                              "In a dream, you are floating calmly in a vast pool. All of your worries are floating away...",
                              "The pool moves as if alive, rubbing you all over your body, sending blissful and comforting sensations through you.",
                              "Something within the pool reaches up and gently grabs your stiff cock.",
                              "ChangeArousalQuietly", "30",
                              "You moan softly as your eyes open, and you see a blue slime girl engulfing you, her gooey hand stroking your manhood.",
                              "DisplayCharacters",
                                "3",
                              "EndLoop",
                              "ChangeImageLayer", "Expression", "1", "Smug",
                              "Speaks3",
                              "Rise and shine, sleepyhead!",
                              "CombatEncounter",
                                "Blue Slime",
                                "ApplyStance", "Slimed 50%", "SetAttack", "Slime Cling",
                              "StartCombat",
                              "Having defeated the slime, you carry on your way, deciding this spot clearly wasn't as safe as you first thought."
                              ]
                        },
                        {
                            "NameOfScene": "AlrauneAmbush",
                            "theScene": [
                              "ChangeBGM", "music/Loss/Falling Down.mp3",
                              "...",
                              "In a dream, you are walking through a rainy forest. The rain is sweet and fragrant. You open your mouth to taste it...",
                              "ApplyStatusEffect", "Forced Nectar Feeding",
                              "ChangeArousalQuietly", "20",
                              "The rain fills your entire being with lust, your cock grows hard and throbbing. Your body trembles.",
                              "DisplayCharacters",
                                "4",
                              "EndLoop",
                              "ChangeImageLayer", "Expression", "1", "Dominant",
                              "You moan softly as your eyes open, and you see an alraune standing over you, gently spraying you all over with nectar from her heavy breasts.",
                              "You must have made the classic blunder of dozing off too near a sleeping alraune's flower.",
                              "Speaks4",
                              "You're finally awake! How do you feel, sweetie?",
                              "ChangeImageLayer", "Expression", "1", "NectarKissing",
                              "As you open your mouth to answer, she falls upon you and wraps her arms around your neck, crushing her breasts against your body and forcing her tongue in!",
                              "CombatEncounter",
                                "Alraune",
                                "ApplyStance", "Making Out", "SetAttack", "Make Out",
                              "StartCombat",
                              "Having defeated the alraune, you carry on your way, deciding this spot clearly wasn't as safe as you first thought."
                              ]
                        },
                        {
                            "NameOfScene": "LizardAmbush",
                            "theScene": [
                              "...",
                              "ChangeBGM-OverrideCombatMusic", "music/Battle/agitating-point.mp3",
                              "ApplyStatusEffect", "Lizard Pin",
                              "DisplayCharacters",
                                "5",
                              "EndLoop",
                              "ChangeImageLayer", "Expression", "1", "Dominant",
                              "You are rudely awakened by something {i}pouncing{/i} on top of you. A lizard girl has pinned you down and is ogling your body. She is terribly strong, her physique imposing even by lizard girl standards.",
                              "Speaks5",
                              "Well, look what I caught. A cute adventurer! Are you my soulmate, or are you just a plaything?",
                              "Menu",
                                "Struggle hard! (Power)",
                                "Struggle a little...",
                                "Cry for your mommy. (Allure)",
                                "Just chill.",
                              "EndLoop"
                              ]
                        },
                        {
                            "NameOfScene": "Struggle hard! (Power)",
                            "theScene": [
                              "StatCheck",
                                                "Power",
                                                "15",
                                                "StrugglePass",
                                                "Fail",
                                                "StruggleFail"
                              ]
                        },
                        {
                            "NameOfScene": "Struggle a little...",
                            "theScene": [
                              "You humor the monster by struggling against her strong grasp, but without any real intent of freeing yourself. You just hope she doesn't notice or doesn't care...",
                              "ChangeImageLayer", "Expression", "1", "Smug",
                              "Speaks5",
                              "Is that all? Pathetic...",
                              "JumpToScene", "Pinned!"
                              ]
                        },
                        {
                            "NameOfScene": "Just chill.",
                            "theScene": [
                              "You hold still and wait to see what happens next.",
                              "ChangeImageLayer", "Expression", "1", "Smug",
                              "The monster girl beams proudly.",
                              "Speaks5",
                              "You are wise to submit in the grasp of a superior warrior! Still, I'd {i}prefer{/i} it if you actually fought back...",
                              "JumpToScene", "Pinned!"
                              ]
                        },
                        {
                            "NameOfScene": "Cry for your mommy. (Allure)",
                            "theScene": [
                              "StatCheck",
                                                "Allure",
                                                "15",
                                                "CryPass",
                                                "Fail",
                                                "CryFail"
                              ]
                        },
                        {
                            "NameOfScene": "StrugglePass",
                            "theScene": [
                              "RemoveStatusEffect", "Restrain",
                              "With a mighty effort, you push the monster off of you and break free of her grasp! She lets out a gasp of surprise and, you suspect, arousal.",
                              "ChangeImageLayer", "Expression", "1", "LewdDominant",
                              "Speaks5",
                              "You are very strong. Let's see if you have any other surprises for me!",
                              "CombatEncounter",
                                "Rest Lizard Girl",
                              "StartCombat",
                              "Having defeated the wanton reptile, you carry on your way, deciding this spot clearly wasn't as safe as you first thought."
                              ]
                        },
                        {
                            "NameOfScene": "StruggleFail",
                            "theScene": [
                              "ChangeEnergyQuietly", "-10",
                              "You struggle with all your might, but the horny huntress overpowers you. She holds you down, her clawed hands scratching your wrists, until you are gasping with effort.",
                              "ChangeImageLayer", "Expression", "1", "Smug",
                              "Speaks5",
                              "Nice try.",
                              "JumpToScene", "Pinned!"
                              ]
                        },
                        {
                            "NameOfScene": "Pinned!",
                            "theScene": [
                              "With a few flicks of her claws, she shreds most of your clothing. She takes a moment to gaze at your exposed body.",
                              "ChangeImageLayer", "Expression", "1", "LewdDominant",
                              "Speaks5",
                              "You don't seem strong enough to be my soulmate...",
                              "ChangeArousalQuietly", "15",
                              "Slowly, she runs a long, sharp claw down your torso, from your throat down to your groin, scratching lightly, examining you. You shiver with a mixture of terror and arousal. She gives a sinister chuckle at your distress.",

                              "ChangeImageLayer", "Expression", "1", "Dominant",
                              "Speaks5",
                              "Be a good boy and I won't hurt you.",
                              "Her hand eventually reaches your rigid shaft. You can't say whether it's petrified with fear or lust.",
                              "ChangeImageLayer", "Expression", "1", "LewdDominant",
                              "Speaks5",
                              "You {i}do{/i} have a nice prick, though. Maybe I can get some satisfaction before I discard you.",
                              "She takes a strong grip of your cock and begins stroking it, making it even bigger and harder, causing you to shiver and moan. She licks your torso all over with her long, forked tongue.",
                              "ChangeArousalQuietly", "15",
                              "Then she starts arousing herself by rubbing your cock against her muscular entrance, coating you with her erotic fluids and drawing out more involuntary groans from you. Once she's ready, she presses just the tip of your cock inside her, her interior muscles clamping down on the head.",
                              "Then, she pulls your tip back out of her and slowly rubs it against her inner lips, teasing your cock. You ache with denial!",
                              "ChangeImageLayer", "Expression", "1", "Dominant",
                              "Speaks5",
                              "You {i}want{/i} me to devour you, don't you, plaything?",
                              "SwapLineIf", "HasFetish",
                                "Sex", "|f|ApplyStatusEffect|/|Lizard Tease|n|(Sex Fetish) You need to be inside her more than {i}anything{/i}! Your cock throbs in her grasp! You are charmed!",
                                "","",
                              "EndLoop",
                              "Menu",
                                "'Yes!'",
                                "'No!'",
                                "'Please don't take my cum!'",
                                "'You can't have my cock, monster!'",
                              "EndLoop"
                              ]
                        },
                        {
                            "NameOfScene": "'Yes!'",
                            "theScene": [
                              "ChangeArousalByPercent", "30",
                              "She continues teasing your cock, barely pressing the tip in her tight slit and then taking it away. She laughs at you as you squirm beneath her pelvis, trying vainly to enter her.",
                              "ChangeImageLayer", "Expression", "1", "Smug",
                              "Speaks5",
                              "You need to beg for it.",
                              "PlayerSpeaks",
                              "Please!",
                              "ChangeArousalByPercent", "30",
                              "But she doesn't stop teasing, just rubs your tip up and down her wet lower lips.",
                              "Speaks5",
                              "You call that begging?",
                              "PlayerSpeaks",
                              "{i}Please{/i}, take my cock!",
                              "ChangeArousalByPercent", "30",
                              "She keeps teasing your tip with her dripping slit, pushing it in and out, laughing maliciously as you keep pleading for her to put you out of your misery and finish you.",
                              "ChangeImageLayer", "Expression", "1", "Loving",
                              "Speaks5",
                              "Okay, but only because you want it so bad.",
                              "ChangeBGM", "music/Loss/reason.mp3",
                              "PlayerOrgasm", "1",
                              "At last, she lines your throbbing, leaking cock up with her entrance, then quickly and roughly jams you inside of her all the way to the hilt. Overstimulated, you cry out in ecstasy as you immediately explode and fill her insides with thick semen.",
                              "The lizard girl gasps at the intensity of your orgasm.",
                              "ChangeImageLayer", "Expression", "1", "LewdDominant",
                              "Speaks5",
                              "Whoa! Maybe you should pace yourself a little. Enjoy it while it lasts, because this is never happening again.",
                              "Her words crush your spirit as her muscled honeypot crushes your dick, drawing more moans and more cum out of you. At this moment, being inside her seems like the only thing that matters in the world.",
                              "Slowly she begins grinding her hips against you, making your cock throb again.",
                              "Speaks5",
                              "Soon I will find my true soulmate, and I will return to the desert with him. You will not see me again.",
                              "You groan with torment combined with pleasure as she quickens her pace. The thought of her leaving you is a pain too great to bear.",
                              "As she continues to bounce her hips on your dick, you try to hold back as much as you can. You never want this moment to end.",
                              "She grins with full knowledge of what she is doing to you.",
                              "ChangeImageLayer", "Expression", "1", "Smug",
                              "Speaks5",
                              "Even if by some chance we do meet again, I will not allow you to touch me. This is just a pity-fuck.",
                              "Her toned pussy sends you to heaven even as her words fill you with hell. Her hips slowly increase their pace as her clawed hands start to pinch and tease your nipples.",
                              "Before you can adjust to the combined sensations of her hands and her pussy, she starts to roughly slam her hips into you, her wet orifice tighter than ever.",
                              "ChangeImageLayer", "Expression", "1", "Dominant",
                              "You can't help but cry out at the increased stimulation, and she gives you a sinister smile.",
                              "Speaks5",
                              "You are going to be thinking of this moment for a very long time. The time when I found you and fucked you like I wanted you. The one and only time. And you will yearn for my return.",
                              "You beg her to slow down. You tell her that she is too sexy and her pussy is too good, that you can't hold back any longer, but she just keeps going, faster and harder.",
                              "Whatever meager resistance you had left is easily shattered from the brutally pleasant feelings her aggressive movements are giving you, leaving you moaning and groaning from her electrifying assault.",
                              "Speaks5",
                              "Now, CUM!",
                              "PlayerOrgasm", "1",
                              "As if on command, your body convulses in orgasmic bliss and you spray her insides with cum.",
                              "ChangeImageLayer", "Expression", "1", "LewdDominant",
                              "Speaks5",
                              "We're not done yet.",
                              "ChangeImageLayer", "Expression", "1", "Tempting",
                              "She quickly resumes her assault, rapidly fucking you. As you start to cry out in pleasure once again, she locks lips with you and quickly dominates your mouth with her sinuous tongue.",
                              "Her pussy feels like it's trying to break your dick, and it feels so good.",
                              "ChangeImageLayer", "Expression", "1", "LewdLoving",
                              "PlayerOrgasm", "1",
                              "Shuddering, you quickly cum again, and as you do, you feel the lizard girl make cruel, laughing noises into your mouth.",
                              "Your eyes start to roll up as your oversensitive cock is constantly attacked by her heavenly honeypot.",
                              "PlayerOrgasm", "1",
                              "SetSpirit", "0",
                              "ChangeImageLayer", "Expression", "1", "MinorAhegao",
                              "The lizard girl tenses and moans in her own orgasm as she hilts your throbbing manhood into her deepest parts. With massive effort, you grit your teeth and just prevent her orgasming pussy from taking you over the edge with her.",
                              "Finally she stops her relentless lovemaking, gasping, running her claws and forked tongue along your body as she recovers. You are still gasping and moaning as her shuddering insides leave you on the edge of a tremendous orgasm. You try to use the opportunity to recover, but your respite is short-lived.",
                              "ChangeImageLayer", "Expression", "1", "Dominant",
                              "Speaks5",
                              "I'm finished with you. Goodbye!",
                              "Slowly at first, she begins grinding your throbbing cock into her powerful inner walls, gradually building speed until you are on the very edge again despite your best efforts to resist.",
                              "ChangeImageLayer", "Expression", "1", "LewdDominant",
                              "Speaks5",
                              "CUM!",
                              "She slams your cock inside her fully, clenching you with her innermost muscles. One last time your balls explode, sending a torrent of your issue into her waiting womb. The wicked reptile's laughter is the last thing you hear as you black out.",
                              "ChangeSensitivity",
                              "Sex",
                              "2",
                              "ChangeSensitivity",
                              "Pain",
                              "2",
                              "GameOver"
                              ]
                        },
                        {
                            "NameOfScene": "'No!'",
                            "theScene": [
                              "ChangeImageLayer", "Expression", "1", "Smug",
                              "Speaks5",
                              "Really? All right, you can eat {i}me{/i}, then!",
                              "Keeping you restained, she moves her hips from your waist to your face. She presses her wet honeypot onto your mouth, keeping you held down with her strong legs and clawed hands.",
                              "Speaks5",
                              "I'll tell you what. If you make me cum, I'll let you go! Get busy!",
                              "Menu",
                                "RequiresSkill", "Pussy Worship", "Activate skill 'Pussy Worship'!",
                                "RequiresStat", "Technique", "10", "Do a good job!",
                                "How do you work this thing?",
                              "EndLoop"
                              ]
                        },
                        {
                            "NameOfScene": "Activate skill 'Pussy Worship'!",
                            "theScene": [
                              "You lick, kiss, and suck your captor's dripping pussy intensely, drawing out excited moans and gasps as she grinds hard on your face.",
                              "ChangeImageLayer", "Expression", "1", "Lewd",
                              "Speaks5",
                              "Oh, good boy! Oh shit, I need to start fighting back!",
                              "CombatEncounter",
                                "Rest Lizard Girl",
                                "ApplyStance", "Face Sit", "SetAttack", "Lizard Queen",
                              "StartCombat",
                              "Having defeated the wanton reptile, you carry on your way, deciding this spot clearly wasn't as safe as you first thought."
                              ]
                        },
                        {
                            "NameOfScene": "Do a good job!",
                            "theScene": [
                              "JumpToScene", "Activate skill 'Pussy Worship'!"
                              ]
                        },
                        {
                            "NameOfScene": "How do you work this thing?",
                            "theScene": [
                              "ChangeArousalQuietly", "30",
                              "As you attempt to pleasure your captor as best you can without the use of your hands, she pleases herself by stroking your cock, teasing your nipples with her claws, and licking you all over with her long tongue.",
                              "You lick the lizard girl's slit all over, but you don't really feel like you know what you are doing. You spend alot of effort just trying to breathe as she grinds on your face!",
                              "ChangeImageLayer", "Expression", "1", "Annoyed",
                              "Speaks5",
                              "Useless! You couldn't satisfy an elf-slut!",
                              "You try to plead for more time, but your words are completely muffled by her hungry slit.",
                              "ChangeImageLayer", "Expression", "1", "Dominant",
                              "Speaks5",
                              "Ah well, time to send you on home, I guess!",
                              "CombatEncounter",
                                "Rest Lizard Girl",
                                "ApplyStance", "Face Sit", "SetAttack", "Lizard Queen",
                              "StartCombat",
                              "Having defeated the wanton reptile, you carry on your way, deciding this spot clearly wasn't as safe as you first thought."
                              ]
                        },
                        {
                            "NameOfScene": "'Please don't take my cum!'",
                            "theScene": [
                                      "Your submissive pleading only encourages her predatory instincts.",
                                      "ChangeImageLayer", "Expression", "1", "Smug",
                                      "Speaks5",
                                      "Who's going to stop me? Fight back, if you dare!",
                                      "Her pussy descends on you, trapping your cock, and proceeds to grind away.",
                                      "CombatEncounter",
                                        "Rest Lizard Girl",
                                        "ApplyStance", "Sex", "SetAttack", "Restrained Insert",
                                      "StartCombat",
                                      "Having defeated the wanton reptile, you carry on your way, deciding this spot clearly wasn't as safe as you first thought."
                              ]
                        },
                        {
                            "NameOfScene": "'You can't have my cock, monster!'",
                            "theScene": [
                                      "Your defiant attitude only provokes her predatory instincts even further.",
                                      "ChangeImageLayer", "Expression", "1", "Smug",
                                      "Speaks5",
                                      "I'm gonna make you {i}beg{/i} for mercy.",
                                      "Her pussy descends on you, trapping your cock, and proceeds to grind away.",
                                      "CombatEncounter",
                                        "Rest Lizard Girl",
                                        "ApplyStance", "Sex", "SetAttack", "Restrained Insert",
                                      "StartCombat",
                                      "Having defeated the wanton reptile, you carry on your way, deciding this spot clearly wasn't as safe as you first thought."
                              ]
                        },
                        {
                            "NameOfScene": "CryPass",
                            "theScene": [
                              "JumpToEvent", "Lizard Nap"
                            ]
                        },
                        {
                            "NameOfScene": "CryFail",
                            "theScene": [
                              "You bawl, weep, and sob in feigned(?) terror.",
                              "ChangeBGM", "music/Relaxing/Purple Planet Music - Gentle - Meltwater (1_38) (L).mp3",
                              "ChangeImageLayer", "Expression", "1", "Loving",
                              "Speaks5",
                              "Oh no! You poor thing, you must be {i}terrified{/i}. You've never seen a monster as powerful as me before, have you?",
                              "Still sobbing as pitifully as you can manage while suppressing a chuckle at her boundless arrogance, you shake your head 'no'.",
                              "ChangeBGM-OverrideCombatMusic", "music/Battle/agitating-point.mp3",
                              "ChangeImageLayer", "Expression", "1", "Annoyed",
                              "Speaks5",
                              "Hey, wait a minute, are you {i}faking{/i}? I can't believe I almost bought it! Why would I feel sympathy for a creature like you!?",
                              "JumpToScene", "Pinned!"
                              ]
                        }
                ]
}
