{
    "name": "Hidden Glade",
    "CardType": "Event",
    "Addition": "Yes",
    "Speakers": [
                  {
                    "name": "Selena",
                    "postName": "",
                    "SpeakerType": ""
                  }
                ],
    "EventText": [
                    {
                        "NameOfScene": "IntroContinues2",
                        "theScene": [
                                        "MenuAddition",
                                          "HideOptionOnRequirementFail", "RequiresPerk", "Belmont Curse", "'Die, uhhh... monster?'",
                                        "EndLoop"
                                  ]
                    },
            {
                "NameOfScene": "'Die, uhhh... monster?'",
                "theScene": [     "ChangeImageLayer", "Expression", "1", "Shock",
                                  "Selena seems surprised at your accusation for a moment. Then, she laughs seductively, her heavenly voice ringing in your ears.",
                                  "ChangeArousalByPercent", "5",
                                "ChangeImageLayer", "Expression", "1", "SmileRadiant",
                                "Speaks",
                                "I'm not a monster, [ThePlayerName].♥ I am a Nymph.♥ A kind of angel!",
                                "ChangeImageLayer", "Expression", "1", "SmileSeductive",
                                "Her unnatural beauty is making your head spin as her smile slowly becomes more sensual, and as she leans towards you expectantly, her green eyes sparkle with excitement.",
                                "ChangeArousalByPercent", "5",
                                "Menu",
                                  "'An angel, huh? Well, alright, then...'",
                                  "'But aren't angels just monsters with good P.R.?'",
                                  "Get out of there!",
                                "EndLoop"
                          ]
            },
            {
                "NameOfScene": "'An angel, huh? Well, alright, then...'",
                "theScene": [   "ChangeImageLayer", "Expression", "1", "SmilePlayful",
                                "Speaks",
                                "Well, now that that's settled, would you care to join me?♥",
                                "ChangeImageLayer", "Expression", "1", "SmileSeductive",
                                "Her smile becomes more sensual as she leans towards you expectantly, and her bright green eyes sparkle with excitement as she stares at you.",
                                "ChangeArousalByPercent", "5",
                                "Menu",
                                  "Yes!",
                                  "Talk.",
                                  "Get out of there!",
                                "EndLoop"
                          ]
            },
            {
                "NameOfScene": "'But aren't angels just monsters with good PR?'",
                "theScene": [   "ChangeImageLayer", "Expression", "1", "SmilePlayful",
                                "Speaks",
                                "Don't be silly, [ThePlayerName]!♥",
                                "ChangeArousalByPercent", "5",
                                "ChangeImageLayer", "Expression", "1", "Caring",
                                "She slowly traces a finger over her lovely lips as her face suddenly becomes thoughtful.",
                                "ChangeArousalByPercent", "5",
                                "Speaks",
                                "This glade is hidden by powerful divine magic. You were only able to find it because the Goddess Venereae guided you here! Is that not proof that I am one of her angels, and not a monster?",
                                "You cannot deny that her words make sense of a sort, but you are also aware that your mind and body have already been melted by her radiant presence.",
                                "You feel as if your judgement can no longer be trusted.",
                                "However, you are surely no longer capable of doing battle with her, either physically or verbally.",
                                "Menu",
                                  "'An angel, huh? Well, alright, then...'",
                                "EndLoop"
                          ]
            }
                ]
}
