{
    "name": "Ribbiting Encounters",
    "CardType": "Event",
    "Addition": "Yes",
    "Speakers": [
                  {
                    "name": "Gren",
                    "postName": "",
                    "SpeakerType": "Monster"
                  }
                ],
    "EventText": [
                          {
                              "NameOfScene": "TussleMenu",
                              "theScene": [   "MenuAddition",
                                                "HideOptionOnRequirementFail", "RequiresPerk", "Belmont Curse", "'Die... adorable monster..!'",
                                              "EndLoop"
                                        ]
                          },
                          {
                              "NameOfScene": "'Die... adorable monster..!'",
                              "theScene": [   "JumpToScene", "'Sure!'"
                                        ]
                          }
                ]
}
