{
    "name": "Shoryuken",
    "cost": "15",
    "costType": "ep",
    "requiredLevel": "0",
    "learningCost": "1000",
    "skillType": "attack",
    "statType": "Power",
    "requiredStat": "20",
    "statusEffectScaling": "25",
    "skillTags": [ "Pain"],
    "fetishTags": [ ""],
    "startsStance": "",
    "requiresStance": "Any",
    "unusableIfStance": [ ""],
    "requiresTargetStance": [ "Any"],
    "unusableIfTarget": [ ""],
    "removesStance": "",
    "requiresStatusEffect": "None",
    "requiresStatusPotency": "0",
    "unusableIfStatusEffect": [ "None"],
    "power": "5",
    "minRange": "90",
    "maxRange": "110",
    "recoil": "0",
    "targetType": "single",
    "statusEffect": "TargetStances",
    "statusChance": "70",
    "statusDuration": "0",
    "statusPotency": "0",
    "statusResistedBy": "Power",
    "statusText": "",
    "descrip": "Strike an enemy with a powerful uppercut to get away from them. Removes all stances with target.",
    "outcome": "[AttackerName] uppercuts [TargetName] in the face, making [TargetHimOrHer] gasp in surprise and lose focus for a moment.",
    "miss": "[AttackerName] tries to uppercut [TargetName] in the face, but [TargetHeOrShe] manages to avoid it!",
    "statusOutcome": "The distraction allows [AttackerName] to easily slip away from [TargetName]!",
    "statusMiss": "But [TargetName] is undaunted, and [TargetHeOrShe] stays firmly locked with [AttackerName]!",
    "restraintStruggle": "",
    "restraintStruggleCharmed": "",
    "restraintEscaped": "",
    "restraintEscapedFail": ""
}
