{
    "name": "Elven Pin",
    "cost": "10",
    "costType": "ep",
    "requiredLevel": "0",
    "learningCost": "0",
    "skillType": "statusEffect",
    "statType": "Technique",
    "statusEffectScaling": "25",
    "requiredStat": "0",
    "skillTags": [ "Magic"],
    "fetishTags": [ ""],
    "startsStance": "",
    "requiresStance": "Any",
    "unusableIfStance": [ ""],
    "requiresTargetStance": [ "Any"],
    "unusableIfTarget": [ ""],
    "removesStance": "None",
    "requiresStatusEffect": "None",
    "requiresStatusPotency": "0",
    "unusableIfStatusEffect": [ "None"],
    "power": "0",
    "minRange": "0",
    "maxRange": "0",
    "recoil": "0",
    "targetType": "single",
    "statusEffect": "Restrain",
    "statusChance": "50",
    "statusDuration": "0",
    "statusPotency": "5",
    "statusResistedBy": "Power",
    "statusText": "bound",
    "descrip": "",
    "outcome": "",
    "miss": "",
    "statusOutcome": "",
    "statusMiss": "",
    "restraintStruggle": "[TargetName] struggles under the elf...",
    "restraintStruggleCharmed": "[TargetName] squirms weakly under the elf...",
    "restraintEscaped": "And gets free of her grasp!",
    "restraintEscapedFail": "But is unable to overpower her!"
}
