{
    "name": "Go see Elena at the Guild counter.",
    "CardType": "Guild",
    "Addition": "Yes",
    "Speakers": [
                  {
                    "name": "Elena",
                    "postName": "",
                    "SpeakerType": ""
                  },
                  {
                    "name": "Elly",
                    "postName": "",
                    "SpeakerType": ""
                  }
                ],
    "EventText": [
                    {
                        "NameOfScene": "VisitMenu",
                        "theScene": [
                                      "MenuAddition",
                                        "OverrideOption", "InverseRequirement", "RequiresPerk", "Belmont Curse", "Learn Skills.",
                                        "OverrideOption", "FinalOption", "Step away from the guild counter.",
                                      "EndLoop"
                                  ]
                    }
                ]
}
