{
    "name": "Imp Defeated",
    "CardType": "",
    "Addition": "Yes",
    "Speakers": [
                  {
                    "name": "Imp",
                    "postName": "",
                    "SpeakerType": "Monster"
                  }
                ],
    "EventText": [
                    {
                        "NameOfScene": "RestOfIntro",
                        "theScene": [ "MenuAddition",
                                        "HideOptionOnRequirementFail", "RequiresPerk", "Belmont Curse", "'Die, monster!'",
                                        "OverrideOption", "FinalOption", "Continue onwards.",
                                      "EndLoop"
                                  ]
                    },
                            {
                                "NameOfScene": "'Die, monster!'",
                                "theScene": [
                                              "ChangeImageLayer", "Blush", "1", "Blush",
                                              "ChangeImageLayer", "Expression", "1", "ComicalPanic",
                                              "You whip the vile villainess until she fades away, howling!",
                                              "DisplayCharacters",
                                              "EndLoop",
                                              "You doubt you'll be hearing from her again!"
                                          ]
                            }
                ]
}
