{
    "name": "Kunoichi Trainee Defeated",
    "CardType": "",
    "CardLimit": "0",
    "Description": "",
    "requires": [ ""],
    "Speakers": [
                  {
                    "name": "Kunoichi Trainee",
                    "postName": "",
                    "SpeakerType": "Monster"
                  }
                ],
    "EventText": [
                    {
                        "NameOfScene": "EventStart",
                        "theScene": [ "Menu",
                                        "HideOptionOnRequirementFail", "RequiresPerk", "Belmont Curse", "'Die, monster!'",
                                        "OverrideOption", "FinalOption", "Leave.",
                                      "EndLoop"
                                  ]
                    },
                    {
                        "NameOfScene": "SexStart",
                        "theScene": [ "MenuAddition",
                                        "HideOptionOnRequirementFail", "RequiresPerk", "Belmont Curse", "Pull out of her pussy and 'Die, monster!'",
                                        "OverrideOption", "FinalOption", "Pull out and leave.",
                                      "EndLoop"
                                  ]
                    },
                    {
                        "NameOfScene": "SexStartDuo",
                        "theScene": [ "MenuAddition",
                                        "HideOptionOnRequirementFail", "RequiresPerk", "Belmont Curse", "Pull out of her pussy and 'Die, monster!'",
                                        "OverrideOption", "FinalOption", "Pull out and leave.",
                                      "EndLoop"
                                  ]
                    },
                    {
                        "NameOfScene": "AnalStart",
                        "theScene": [ "MenuAddition",
                                        "HideOptionOnRequirementFail", "RequiresPerk", "Belmont Curse", "Pull out of her ass and 'Die, monster!'",
                                        "OverrideOption", "FinalOption", "Pull out and leave. ",
                                      "EndLoop"
                                  ]
                    },
                    {
                        "NameOfScene": "AnalStartDuo",
                        "theScene": [ "MenuAddition",
                                        "HideOptionOnRequirementFail", "RequiresPerk", "Belmont Curse", "Pull out of her ass and 'Die, monster!'",
                                        "OverrideOption", "FinalOption", "Pull out and leave. ",
                                      "EndLoop"
                                  ]
                    },
                    {
                        "NameOfScene": "'Die, monster!'",
                        "theScene": [ "ChangeImageLayer", "Expression", "1", "PleasureShocked", "ChangeImageLayer", "Base", "1", "Blush",
                                      "You smite the lusty kunoichi with your mighty whip, making her howl.",
                                      "Speaks",
                                      "Punish me, master!!",
                                      "You keep punishing her till your arm is sore. Finally, she fades away. She looks... happy?"
                                  ]
                    },
                    {
                        "NameOfScene": "Pull out of her pussy and 'Die, monster!'",
                        "theScene": [   "ChangeImageLayer", "Expression", "1", "HowDareYou",
                                        "ChangeArousalQuietly",
                                        "10",
                                        "The kunoichi powerfully shudders with pleasure as you pull out of her pussy while it almost seems to desperately cling to your shaft, and she stares up at you with defiance even as the faintest hint of lust clouds her expression.",
                                        "Speaks",
                                        "H-Haha... I knew you couldn't handl-!?!",
                                        "JumpToScene",
                                        "'Die, monster!'"
                                  ]
                    },
                              {
                        "NameOfScene": "Pull out of her ass and 'Die, monster!'",
                        "theScene": [   "ChangeImageLayer", "Expression", "1", "HowDareYou",
                                      "ChangeArousalQuietly",
                                        "10",
                                        "The kunoichi powerfully shudders with pleasure as you pull out of her ass while it almost seems to desperately cling to your shaft, and she stares up at you with defiance even as the faintest hint of lust clouds her expression.",
                                        "Speaks",
                                        "H-Haha... I knew you couldn't handl-!?!",
                                        "JumpToScene",
                                        "'Die, monster!'"
                                  ]
                    }
                ]
}
