{
    "name": "Kyra's Defeated",
    "CardType": "",
    "Addition": "Yes",
    "Speakers": [
                  {
                    "name": "Kyra",
                    "postName": "",
                    "SpeakerType": "Monster"
                  }

                ],
    "EventText": [
                    {
                        "NameOfScene": "EventStart",
                        "theScene": [ "MenuAddition",
                                        "HideOptionOnRequirementFail", "RequiresPerk", "Belmont Curse", "So like I was saying... Die, monster!",
                                        "OverrideOption", "FinalOption", "Leave",
                                      "EndLoop"
                                  ]
                    },
                    {
                        "NameOfScene": "So like I was saying... Die, monster!",
                        "theScene": [  "ChangeImageLayer", "Expression", "1", "PanicBlush",
                                    "You whip the lizard girl again, making her squeal in surprise.",
                                    "Speaks",
                                    "You fucking priiiiiiickkkkk......!",
                                    "DisplayCharacters", "EndLoop",
                                    "She fades away!"
                                  ]
                    }
                ]
}
