{
    "name": "True Holy Water",
    "cost": "10",
    "costType": "ep",
    "requiredLevel": "0",
    "learningCost": "2000",
    "skillType": "attack",
    "statType": "Allure",
    "statusEffectScaling": "25",
    "requiredStat": "20",
    "skillTags": [ "Pain", "Holy"],
    "fetishTags": [ ""],
    "startsStance": "",
    "requiresStance": "Any",
    "unusableIfStance": [ "Any"],
    "requiresTargetStance": [ "Any"],
    "unusableIfTarget": [ ""],
    "removesStance": "None",
    "requiresStatusEffect": "None",
    "requiresStatusPotency": "0",
    "unusableIfStatusEffect": [ "None"],
    "power": "25",
    "minRange": "90",
    "maxRange": "110",
    "recoil": "0",
    "targetType": "single",
    "statusEffect": "Defence",
    "statusChance": "50",
    "statusDuration": "6",
    "statusPotency": "-10",
    "statusResistedBy": "Willpower",
    "statusText": "Illuminated",
    "descrip": "Douse your target in true holy water. Can lower defense.",
    "outcome": "[AttackerName] throws a vial of true holy water onto [TargetName]'s body, forcing them to cry out in pleasurable pain.",
    "miss": "[AttackerName] throws a vial of true holy water onto [TargetName]'s body, but [TargetName] seems completely unaffected!.",
    "statusOutcome": "The holy water leaves [TargetName] vulnerable!",
    "statusMiss": "",
    "restraintStruggle": "",
    "restraintStruggleCharmed": "",
    "restraintEscaped": "",
    "restraintEscapedFail": ""
}
